Created by PLY version 3.11 (http://www.dabeaz.com/ply)

Unused terminals:

    ADD
    ALTER
    BETWEEN
    IN

Grammar

Rule 0     S' -> statement
Rule 1     statement -> query_content opt_semicolon
Rule 2     query_content -> select_statement
Rule 3     query_content -> set_operation
Rule 4     query_content -> insert_stmt
Rule 5     query_content -> update_stmt
Rule 6     query_content -> delete_stmt
Rule 7     query_content -> create_stmt
Rule 8     query_content -> drop_stmt
Rule 9     query_content -> show_tables_stmt
Rule 10    show_tables_stmt -> SHOW TABLES
Rule 11    select_statement -> SELECT projections FROM from_clause opt_joins opt_where opt_groupby opt_orderby opt_limit
Rule 12    from_clause -> IDENTIFIER
Rule 13    from_clause -> LPAREN select_statement RPAREN
Rule 14    from_clause -> LPAREN select_statement RPAREN AS IDENTIFIER
Rule 15    set_operation -> select_statement UNION select_statement
Rule 16    set_operation -> select_statement INTERSECT select_statement
Rule 17    set_operation -> select_statement EXCEPT select_statement
Rule 18    opt_orderby -> ORDER BY IDENTIFIER opt_asc_desc
Rule 19    opt_orderby -> empty
Rule 20    opt_asc_desc -> ASC
Rule 21    opt_asc_desc -> DESC
Rule 22    opt_asc_desc -> empty
Rule 23    opt_groupby -> GROUP BY group_list opt_having
Rule 24    opt_groupby -> empty
Rule 25    group_list -> qualified_id
Rule 26    group_list -> group_list COMMA qualified_id
Rule 27    opt_having -> HAVING expression
Rule 28    opt_having -> empty
Rule 29    opt_limit -> LIMIT NUMBER
Rule 30    opt_limit -> empty
Rule 31    projections -> STAR
Rule 32    projections -> projection_item
Rule 33    projections -> projections COMMA projection_item
Rule 34    projection_item -> expression
Rule 35    projection_item -> expression AS IDENTIFIER
Rule 36    aggregate_func -> SUM LPAREN qualified_id RPAREN
Rule 37    aggregate_func -> COUNT LPAREN qualified_id RPAREN
Rule 38    aggregate_func -> AVG LPAREN qualified_id RPAREN
Rule 39    aggregate_func -> MIN LPAREN qualified_id RPAREN
Rule 40    aggregate_func -> MAX LPAREN qualified_id RPAREN
Rule 41    opt_joins -> join_list
Rule 42    opt_joins -> empty
Rule 43    join_list -> join_item
Rule 44    join_list -> join_list join_item
Rule 45    join_item -> join_type JOIN IDENTIFIER ON expression
Rule 46    join_item -> CROSS JOIN IDENTIFIER
Rule 47    join_type -> INNER
Rule 48    join_type -> LEFT
Rule 49    join_type -> RIGHT
Rule 50    join_type -> FULL
Rule 51    join_type -> empty
Rule 52    opt_where -> WHERE expression
Rule 53    opt_where -> empty
Rule 54    expression -> expression EQUALS expression
Rule 55    expression -> expression NEQ expression
Rule 56    expression -> expression GT expression
Rule 57    expression -> expression LT expression
Rule 58    expression -> expression GE expression
Rule 59    expression -> expression LE expression
Rule 60    expression -> expression AND expression
Rule 61    expression -> expression OR expression
Rule 62    expression -> expression PLUS expression
Rule 63    expression -> expression MINUS expression
Rule 64    expression -> expression STAR expression
Rule 65    expression -> expression DIVIDE expression
Rule 66    expression -> qualified_id
Rule 67    expression -> aggregate_func
Rule 68    expression -> NUMBER
Rule 69    expression -> STRING
Rule 70    expression -> TRUE
Rule 71    expression -> FALSE
Rule 72    expression -> NULL
Rule 73    expression -> LPAREN expression RPAREN
Rule 74    qualified_id -> IDENTIFIER DOT IDENTIFIER
Rule 75    qualified_id -> IDENTIFIER
Rule 76    create_stmt -> CREATE TABLE IDENTIFIER LPAREN column_defs RPAREN
Rule 77    column_defs -> column_def
Rule 78    column_defs -> column_defs COMMA column_def
Rule 79    column_def -> IDENTIFIER data_type
Rule 80    data_type -> INT
Rule 81    data_type -> TEXT
Rule 82    data_type -> FLOAT
Rule 83    insert_stmt -> INSERT INTO IDENTIFIER VALUES tuple_list
Rule 84    tuple_list -> LPAREN value_list RPAREN
Rule 85    tuple_list -> tuple_list COMMA LPAREN value_list RPAREN
Rule 86    value_list -> expression
Rule 87    value_list -> value_list COMMA expression
Rule 88    delete_stmt -> DELETE FROM IDENTIFIER opt_where
Rule 89    update_stmt -> UPDATE IDENTIFIER SET assignment_list opt_where
Rule 90    assignment_list -> assignment
Rule 91    assignment_list -> assignment_list COMMA assignment
Rule 92    assignment -> IDENTIFIER EQUALS expression
Rule 93    drop_stmt -> DROP TABLE IDENTIFIER
Rule 94    opt_semicolon -> SEMICOLON
Rule 95    opt_semicolon -> empty
Rule 96    empty -> <empty>

Terminals, with rules where they appear

ADD                  : 
ALTER                : 
AND                  : 60
AS                   : 14 35
ASC                  : 20
AVG                  : 38
BETWEEN              : 
BY                   : 18 23
COMMA                : 26 33 78 85 87 91
COUNT                : 37
CREATE               : 76
CROSS                : 46
DELETE               : 88
DESC                 : 21
DIVIDE               : 65
DOT                  : 74
DROP                 : 93
EQUALS               : 54 92
EXCEPT               : 17
FALSE                : 71
FLOAT                : 82
FROM                 : 11 88
FULL                 : 50
GE                   : 58
GROUP                : 23
GT                   : 56
HAVING               : 27
IDENTIFIER           : 12 14 18 35 45 46 74 74 75 76 79 83 88 89 92 93
IN                   : 
INNER                : 47
INSERT               : 83
INT                  : 80
INTERSECT            : 16
INTO                 : 83
JOIN                 : 45 46
LE                   : 59
LEFT                 : 48
LIMIT                : 29
LPAREN               : 13 14 36 37 38 39 40 73 76 84 85
LT                   : 57
MAX                  : 40
MIN                  : 39
MINUS                : 63
NEQ                  : 55
NULL                 : 72
NUMBER               : 29 68
ON                   : 45
OR                   : 61
ORDER                : 18
PLUS                 : 62
RIGHT                : 49
RPAREN               : 13 14 36 37 38 39 40 73 76 84 85
SELECT               : 11
SEMICOLON            : 94
SET                  : 89
SHOW                 : 10
STAR                 : 31 64
STRING               : 69
SUM                  : 36
TABLE                : 76 93
TABLES               : 10
TEXT                 : 81
TRUE                 : 70
UNION                : 15
UPDATE               : 89
VALUES               : 83
WHERE                : 52
error                : 

Nonterminals, with rules where they appear

aggregate_func       : 67
assignment           : 90 91
assignment_list      : 89 91
column_def           : 77 78
column_defs          : 76 78
create_stmt          : 7
data_type            : 79
delete_stmt          : 6
drop_stmt            : 8
empty                : 19 22 24 28 30 42 51 53 95
expression           : 27 34 35 45 52 54 54 55 55 56 56 57 57 58 58 59 59 60 60 61 61 62 62 63 63 64 64 65 65 73 86 87 92
from_clause          : 11
group_list           : 23 26
insert_stmt          : 4
join_item            : 43 44
join_list            : 41 44
join_type            : 45
opt_asc_desc         : 18
opt_groupby          : 11
opt_having           : 23
opt_joins            : 11
opt_limit            : 11
opt_orderby          : 11
opt_semicolon        : 1
opt_where            : 11 88 89
projection_item      : 32 33
projections          : 11 33
qualified_id         : 25 26 36 37 38 39 40 66
query_content        : 1
select_statement     : 2 13 14 15 15 16 16 17 17
set_operation        : 3
show_tables_stmt     : 9
statement            : 0
tuple_list           : 83 85
update_stmt          : 5
value_list           : 84 85 87

Parsing method: LALR

state 0

    (0) S' -> . statement
    (1) statement -> . query_content opt_semicolon
    (2) query_content -> . select_statement
    (3) query_content -> . set_operation
    (4) query_content -> . insert_stmt
    (5) query_content -> . update_stmt
    (6) query_content -> . delete_stmt
    (7) query_content -> . create_stmt
    (8) query_content -> . drop_stmt
    (9) query_content -> . show_tables_stmt
    (11) select_statement -> . SELECT projections FROM from_clause opt_joins opt_where opt_groupby opt_orderby opt_limit
    (15) set_operation -> . select_statement UNION select_statement
    (16) set_operation -> . select_statement INTERSECT select_statement
    (17) set_operation -> . select_statement EXCEPT select_statement
    (83) insert_stmt -> . INSERT INTO IDENTIFIER VALUES tuple_list
    (89) update_stmt -> . UPDATE IDENTIFIER SET assignment_list opt_where
    (88) delete_stmt -> . DELETE FROM IDENTIFIER opt_where
    (76) create_stmt -> . CREATE TABLE IDENTIFIER LPAREN column_defs RPAREN
    (93) drop_stmt -> . DROP TABLE IDENTIFIER
    (10) show_tables_stmt -> . SHOW TABLES

    SELECT          shift and go to state 11
    INSERT          shift and go to state 12
    UPDATE          shift and go to state 13
    DELETE          shift and go to state 14
    CREATE          shift and go to state 15
    DROP            shift and go to state 16
    SHOW            shift and go to state 17

    statement                      shift and go to state 1
    query_content                  shift and go to state 2
    select_statement               shift and go to state 3
    set_operation                  shift and go to state 4
    insert_stmt                    shift and go to state 5
    update_stmt                    shift and go to state 6
    delete_stmt                    shift and go to state 7
    create_stmt                    shift and go to state 8
    drop_stmt                      shift and go to state 9
    show_tables_stmt               shift and go to state 10

state 1

    (0) S' -> statement .



state 2

    (1) statement -> query_content . opt_semicolon
    (94) opt_semicolon -> . SEMICOLON
    (95) opt_semicolon -> . empty
    (96) empty -> .

    SEMICOLON       shift and go to state 19
    $end            reduce using rule 96 (empty -> .)

    opt_semicolon                  shift and go to state 18
    empty                          shift and go to state 20

state 3

    (2) query_content -> select_statement .
    (15) set_operation -> select_statement . UNION select_statement
    (16) set_operation -> select_statement . INTERSECT select_statement
    (17) set_operation -> select_statement . EXCEPT select_statement

    SEMICOLON       reduce using rule 2 (query_content -> select_statement .)
    $end            reduce using rule 2 (query_content -> select_statement .)
    UNION           shift and go to state 21
    INTERSECT       shift and go to state 22
    EXCEPT          shift and go to state 23


state 4

    (3) query_content -> set_operation .

    SEMICOLON       reduce using rule 3 (query_content -> set_operation .)
    $end            reduce using rule 3 (query_content -> set_operation .)


state 5

    (4) query_content -> insert_stmt .

    SEMICOLON       reduce using rule 4 (query_content -> insert_stmt .)
    $end            reduce using rule 4 (query_content -> insert_stmt .)


state 6

    (5) query_content -> update_stmt .

    SEMICOLON       reduce using rule 5 (query_content -> update_stmt .)
    $end            reduce using rule 5 (query_content -> update_stmt .)


state 7

    (6) query_content -> delete_stmt .

    SEMICOLON       reduce using rule 6 (query_content -> delete_stmt .)
    $end            reduce using rule 6 (query_content -> delete_stmt .)


state 8

    (7) query_content -> create_stmt .

    SEMICOLON       reduce using rule 7 (query_content -> create_stmt .)
    $end            reduce using rule 7 (query_content -> create_stmt .)


state 9

    (8) query_content -> drop_stmt .

    SEMICOLON       reduce using rule 8 (query_content -> drop_stmt .)
    $end            reduce using rule 8 (query_content -> drop_stmt .)


state 10

    (9) query_content -> show_tables_stmt .

    SEMICOLON       reduce using rule 9 (query_content -> show_tables_stmt .)
    $end            reduce using rule 9 (query_content -> show_tables_stmt .)


state 11

    (11) select_statement -> SELECT . projections FROM from_clause opt_joins opt_where opt_groupby opt_orderby opt_limit
    (31) projections -> . STAR
    (32) projections -> . projection_item
    (33) projections -> . projections COMMA projection_item
    (34) projection_item -> . expression
    (35) projection_item -> . expression AS IDENTIFIER
    (54) expression -> . expression EQUALS expression
    (55) expression -> . expression NEQ expression
    (56) expression -> . expression GT expression
    (57) expression -> . expression LT expression
    (58) expression -> . expression GE expression
    (59) expression -> . expression LE expression
    (60) expression -> . expression AND expression
    (61) expression -> . expression OR expression
    (62) expression -> . expression PLUS expression
    (63) expression -> . expression MINUS expression
    (64) expression -> . expression STAR expression
    (65) expression -> . expression DIVIDE expression
    (66) expression -> . qualified_id
    (67) expression -> . aggregate_func
    (68) expression -> . NUMBER
    (69) expression -> . STRING
    (70) expression -> . TRUE
    (71) expression -> . FALSE
    (72) expression -> . NULL
    (73) expression -> . LPAREN expression RPAREN
    (74) qualified_id -> . IDENTIFIER DOT IDENTIFIER
    (75) qualified_id -> . IDENTIFIER
    (36) aggregate_func -> . SUM LPAREN qualified_id RPAREN
    (37) aggregate_func -> . COUNT LPAREN qualified_id RPAREN
    (38) aggregate_func -> . AVG LPAREN qualified_id RPAREN
    (39) aggregate_func -> . MIN LPAREN qualified_id RPAREN
    (40) aggregate_func -> . MAX LPAREN qualified_id RPAREN

    STAR            shift and go to state 25
    NUMBER          shift and go to state 31
    STRING          shift and go to state 32
    TRUE            shift and go to state 33
    FALSE           shift and go to state 34
    NULL            shift and go to state 35
    LPAREN          shift and go to state 36
    IDENTIFIER      shift and go to state 28
    SUM             shift and go to state 37
    COUNT           shift and go to state 38
    AVG             shift and go to state 39
    MIN             shift and go to state 40
    MAX             shift and go to state 41

    projections                    shift and go to state 24
    projection_item                shift and go to state 26
    expression                     shift and go to state 27
    qualified_id                   shift and go to state 29
    aggregate_func                 shift and go to state 30

state 12

    (83) insert_stmt -> INSERT . INTO IDENTIFIER VALUES tuple_list

    INTO            shift and go to state 42


state 13

    (89) update_stmt -> UPDATE . IDENTIFIER SET assignment_list opt_where

    IDENTIFIER      shift and go to state 43


state 14

    (88) delete_stmt -> DELETE . FROM IDENTIFIER opt_where

    FROM            shift and go to state 44


state 15

    (76) create_stmt -> CREATE . TABLE IDENTIFIER LPAREN column_defs RPAREN

    TABLE           shift and go to state 45


state 16

    (93) drop_stmt -> DROP . TABLE IDENTIFIER

    TABLE           shift and go to state 46


state 17

    (10) show_tables_stmt -> SHOW . TABLES

    TABLES          shift and go to state 47


state 18

    (1) statement -> query_content opt_semicolon .

    $end            reduce using rule 1 (statement -> query_content opt_semicolon .)


state 19

    (94) opt_semicolon -> SEMICOLON .

    $end            reduce using rule 94 (opt_semicolon -> SEMICOLON .)


state 20

    (95) opt_semicolon -> empty .

    $end            reduce using rule 95 (opt_semicolon -> empty .)


state 21

    (15) set_operation -> select_statement UNION . select_statement
    (11) select_statement -> . SELECT projections FROM from_clause opt_joins opt_where opt_groupby opt_orderby opt_limit

    SELECT          shift and go to state 11

    select_statement               shift and go to state 48

state 22

    (16) set_operation -> select_statement INTERSECT . select_statement
    (11) select_statement -> . SELECT projections FROM from_clause opt_joins opt_where opt_groupby opt_orderby opt_limit

    SELECT          shift and go to state 11

    select_statement               shift and go to state 49

state 23

    (17) set_operation -> select_statement EXCEPT . select_statement
    (11) select_statement -> . SELECT projections FROM from_clause opt_joins opt_where opt_groupby opt_orderby opt_limit

    SELECT          shift and go to state 11

    select_statement               shift and go to state 50

state 24

    (11) select_statement -> SELECT projections . FROM from_clause opt_joins opt_where opt_groupby opt_orderby opt_limit
    (33) projections -> projections . COMMA projection_item

    FROM            shift and go to state 51
    COMMA           shift and go to state 52


state 25

    (31) projections -> STAR .

    FROM            reduce using rule 31 (projections -> STAR .)
    COMMA           reduce using rule 31 (projections -> STAR .)


state 26

    (32) projections -> projection_item .

    FROM            reduce using rule 32 (projections -> projection_item .)
    COMMA           reduce using rule 32 (projections -> projection_item .)


state 27

    (34) projection_item -> expression .
    (35) projection_item -> expression . AS IDENTIFIER
    (54) expression -> expression . EQUALS expression
    (55) expression -> expression . NEQ expression
    (56) expression -> expression . GT expression
    (57) expression -> expression . LT expression
    (58) expression -> expression . GE expression
    (59) expression -> expression . LE expression
    (60) expression -> expression . AND expression
    (61) expression -> expression . OR expression
    (62) expression -> expression . PLUS expression
    (63) expression -> expression . MINUS expression
    (64) expression -> expression . STAR expression
    (65) expression -> expression . DIVIDE expression

    FROM            reduce using rule 34 (projection_item -> expression .)
    COMMA           reduce using rule 34 (projection_item -> expression .)
    AS              shift and go to state 53
    EQUALS          shift and go to state 54
    NEQ             shift and go to state 55
    GT              shift and go to state 56
    LT              shift and go to state 57
    GE              shift and go to state 58
    LE              shift and go to state 59
    AND             shift and go to state 60
    OR              shift and go to state 61
    PLUS            shift and go to state 62
    MINUS           shift and go to state 63
    STAR            shift and go to state 64
    DIVIDE          shift and go to state 65


state 28

    (74) qualified_id -> IDENTIFIER . DOT IDENTIFIER
    (75) qualified_id -> IDENTIFIER .

    DOT             shift and go to state 66
    AS              reduce using rule 75 (qualified_id -> IDENTIFIER .)
    EQUALS          reduce using rule 75 (qualified_id -> IDENTIFIER .)
    NEQ             reduce using rule 75 (qualified_id -> IDENTIFIER .)
    GT              reduce using rule 75 (qualified_id -> IDENTIFIER .)
    LT              reduce using rule 75 (qualified_id -> IDENTIFIER .)
    GE              reduce using rule 75 (qualified_id -> IDENTIFIER .)
    LE              reduce using rule 75 (qualified_id -> IDENTIFIER .)
    AND             reduce using rule 75 (qualified_id -> IDENTIFIER .)
    OR              reduce using rule 75 (qualified_id -> IDENTIFIER .)
    PLUS            reduce using rule 75 (qualified_id -> IDENTIFIER .)
    MINUS           reduce using rule 75 (qualified_id -> IDENTIFIER .)
    STAR            reduce using rule 75 (qualified_id -> IDENTIFIER .)
    DIVIDE          reduce using rule 75 (qualified_id -> IDENTIFIER .)
    FROM            reduce using rule 75 (qualified_id -> IDENTIFIER .)
    COMMA           reduce using rule 75 (qualified_id -> IDENTIFIER .)
    RPAREN          reduce using rule 75 (qualified_id -> IDENTIFIER .)
    SEMICOLON       reduce using rule 75 (qualified_id -> IDENTIFIER .)
    $end            reduce using rule 75 (qualified_id -> IDENTIFIER .)
    GROUP           reduce using rule 75 (qualified_id -> IDENTIFIER .)
    ORDER           reduce using rule 75 (qualified_id -> IDENTIFIER .)
    LIMIT           reduce using rule 75 (qualified_id -> IDENTIFIER .)
    UNION           reduce using rule 75 (qualified_id -> IDENTIFIER .)
    INTERSECT       reduce using rule 75 (qualified_id -> IDENTIFIER .)
    EXCEPT          reduce using rule 75 (qualified_id -> IDENTIFIER .)
    WHERE           reduce using rule 75 (qualified_id -> IDENTIFIER .)
    CROSS           reduce using rule 75 (qualified_id -> IDENTIFIER .)
    INNER           reduce using rule 75 (qualified_id -> IDENTIFIER .)
    LEFT            reduce using rule 75 (qualified_id -> IDENTIFIER .)
    RIGHT           reduce using rule 75 (qualified_id -> IDENTIFIER .)
    FULL            reduce using rule 75 (qualified_id -> IDENTIFIER .)
    JOIN            reduce using rule 75 (qualified_id -> IDENTIFIER .)
    HAVING          reduce using rule 75 (qualified_id -> IDENTIFIER .)


state 29

    (66) expression -> qualified_id .

    AS              reduce using rule 66 (expression -> qualified_id .)
    EQUALS          reduce using rule 66 (expression -> qualified_id .)
    NEQ             reduce using rule 66 (expression -> qualified_id .)
    GT              reduce using rule 66 (expression -> qualified_id .)
    LT              reduce using rule 66 (expression -> qualified_id .)
    GE              reduce using rule 66 (expression -> qualified_id .)
    LE              reduce using rule 66 (expression -> qualified_id .)
    AND             reduce using rule 66 (expression -> qualified_id .)
    OR              reduce using rule 66 (expression -> qualified_id .)
    PLUS            reduce using rule 66 (expression -> qualified_id .)
    MINUS           reduce using rule 66 (expression -> qualified_id .)
    STAR            reduce using rule 66 (expression -> qualified_id .)
    DIVIDE          reduce using rule 66 (expression -> qualified_id .)
    FROM            reduce using rule 66 (expression -> qualified_id .)
    COMMA           reduce using rule 66 (expression -> qualified_id .)
    RPAREN          reduce using rule 66 (expression -> qualified_id .)
    SEMICOLON       reduce using rule 66 (expression -> qualified_id .)
    $end            reduce using rule 66 (expression -> qualified_id .)
    GROUP           reduce using rule 66 (expression -> qualified_id .)
    ORDER           reduce using rule 66 (expression -> qualified_id .)
    LIMIT           reduce using rule 66 (expression -> qualified_id .)
    UNION           reduce using rule 66 (expression -> qualified_id .)
    INTERSECT       reduce using rule 66 (expression -> qualified_id .)
    EXCEPT          reduce using rule 66 (expression -> qualified_id .)
    WHERE           reduce using rule 66 (expression -> qualified_id .)
    CROSS           reduce using rule 66 (expression -> qualified_id .)
    INNER           reduce using rule 66 (expression -> qualified_id .)
    LEFT            reduce using rule 66 (expression -> qualified_id .)
    RIGHT           reduce using rule 66 (expression -> qualified_id .)
    FULL            reduce using rule 66 (expression -> qualified_id .)
    JOIN            reduce using rule 66 (expression -> qualified_id .)


state 30

    (67) expression -> aggregate_func .

    AS              reduce using rule 67 (expression -> aggregate_func .)
    EQUALS          reduce using rule 67 (expression -> aggregate_func .)
    NEQ             reduce using rule 67 (expression -> aggregate_func .)
    GT              reduce using rule 67 (expression -> aggregate_func .)
    LT              reduce using rule 67 (expression -> aggregate_func .)
    GE              reduce using rule 67 (expression -> aggregate_func .)
    LE              reduce using rule 67 (expression -> aggregate_func .)
    AND             reduce using rule 67 (expression -> aggregate_func .)
    OR              reduce using rule 67 (expression -> aggregate_func .)
    PLUS            reduce using rule 67 (expression -> aggregate_func .)
    MINUS           reduce using rule 67 (expression -> aggregate_func .)
    STAR            reduce using rule 67 (expression -> aggregate_func .)
    DIVIDE          reduce using rule 67 (expression -> aggregate_func .)
    FROM            reduce using rule 67 (expression -> aggregate_func .)
    COMMA           reduce using rule 67 (expression -> aggregate_func .)
    RPAREN          reduce using rule 67 (expression -> aggregate_func .)
    SEMICOLON       reduce using rule 67 (expression -> aggregate_func .)
    $end            reduce using rule 67 (expression -> aggregate_func .)
    GROUP           reduce using rule 67 (expression -> aggregate_func .)
    ORDER           reduce using rule 67 (expression -> aggregate_func .)
    LIMIT           reduce using rule 67 (expression -> aggregate_func .)
    UNION           reduce using rule 67 (expression -> aggregate_func .)
    INTERSECT       reduce using rule 67 (expression -> aggregate_func .)
    EXCEPT          reduce using rule 67 (expression -> aggregate_func .)
    WHERE           reduce using rule 67 (expression -> aggregate_func .)
    CROSS           reduce using rule 67 (expression -> aggregate_func .)
    INNER           reduce using rule 67 (expression -> aggregate_func .)
    LEFT            reduce using rule 67 (expression -> aggregate_func .)
    RIGHT           reduce using rule 67 (expression -> aggregate_func .)
    FULL            reduce using rule 67 (expression -> aggregate_func .)
    JOIN            reduce using rule 67 (expression -> aggregate_func .)


state 31

    (68) expression -> NUMBER .

    AS              reduce using rule 68 (expression -> NUMBER .)
    EQUALS          reduce using rule 68 (expression -> NUMBER .)
    NEQ             reduce using rule 68 (expression -> NUMBER .)
    GT              reduce using rule 68 (expression -> NUMBER .)
    LT              reduce using rule 68 (expression -> NUMBER .)
    GE              reduce using rule 68 (expression -> NUMBER .)
    LE              reduce using rule 68 (expression -> NUMBER .)
    AND             reduce using rule 68 (expression -> NUMBER .)
    OR              reduce using rule 68 (expression -> NUMBER .)
    PLUS            reduce using rule 68 (expression -> NUMBER .)
    MINUS           reduce using rule 68 (expression -> NUMBER .)
    STAR            reduce using rule 68 (expression -> NUMBER .)
    DIVIDE          reduce using rule 68 (expression -> NUMBER .)
    FROM            reduce using rule 68 (expression -> NUMBER .)
    COMMA           reduce using rule 68 (expression -> NUMBER .)
    RPAREN          reduce using rule 68 (expression -> NUMBER .)
    SEMICOLON       reduce using rule 68 (expression -> NUMBER .)
    $end            reduce using rule 68 (expression -> NUMBER .)
    GROUP           reduce using rule 68 (expression -> NUMBER .)
    ORDER           reduce using rule 68 (expression -> NUMBER .)
    LIMIT           reduce using rule 68 (expression -> NUMBER .)
    UNION           reduce using rule 68 (expression -> NUMBER .)
    INTERSECT       reduce using rule 68 (expression -> NUMBER .)
    EXCEPT          reduce using rule 68 (expression -> NUMBER .)
    WHERE           reduce using rule 68 (expression -> NUMBER .)
    CROSS           reduce using rule 68 (expression -> NUMBER .)
    INNER           reduce using rule 68 (expression -> NUMBER .)
    LEFT            reduce using rule 68 (expression -> NUMBER .)
    RIGHT           reduce using rule 68 (expression -> NUMBER .)
    FULL            reduce using rule 68 (expression -> NUMBER .)
    JOIN            reduce using rule 68 (expression -> NUMBER .)


state 32

    (69) expression -> STRING .

    AS              reduce using rule 69 (expression -> STRING .)
    EQUALS          reduce using rule 69 (expression -> STRING .)
    NEQ             reduce using rule 69 (expression -> STRING .)
    GT              reduce using rule 69 (expression -> STRING .)
    LT              reduce using rule 69 (expression -> STRING .)
    GE              reduce using rule 69 (expression -> STRING .)
    LE              reduce using rule 69 (expression -> STRING .)
    AND             reduce using rule 69 (expression -> STRING .)
    OR              reduce using rule 69 (expression -> STRING .)
    PLUS            reduce using rule 69 (expression -> STRING .)
    MINUS           reduce using rule 69 (expression -> STRING .)
    STAR            reduce using rule 69 (expression -> STRING .)
    DIVIDE          reduce using rule 69 (expression -> STRING .)
    FROM            reduce using rule 69 (expression -> STRING .)
    COMMA           reduce using rule 69 (expression -> STRING .)
    RPAREN          reduce using rule 69 (expression -> STRING .)
    SEMICOLON       reduce using rule 69 (expression -> STRING .)
    $end            reduce using rule 69 (expression -> STRING .)
    GROUP           reduce using rule 69 (expression -> STRING .)
    ORDER           reduce using rule 69 (expression -> STRING .)
    LIMIT           reduce using rule 69 (expression -> STRING .)
    UNION           reduce using rule 69 (expression -> STRING .)
    INTERSECT       reduce using rule 69 (expression -> STRING .)
    EXCEPT          reduce using rule 69 (expression -> STRING .)
    WHERE           reduce using rule 69 (expression -> STRING .)
    CROSS           reduce using rule 69 (expression -> STRING .)
    INNER           reduce using rule 69 (expression -> STRING .)
    LEFT            reduce using rule 69 (expression -> STRING .)
    RIGHT           reduce using rule 69 (expression -> STRING .)
    FULL            reduce using rule 69 (expression -> STRING .)
    JOIN            reduce using rule 69 (expression -> STRING .)


state 33

    (70) expression -> TRUE .

    AS              reduce using rule 70 (expression -> TRUE .)
    EQUALS          reduce using rule 70 (expression -> TRUE .)
    NEQ             reduce using rule 70 (expression -> TRUE .)
    GT              reduce using rule 70 (expression -> TRUE .)
    LT              reduce using rule 70 (expression -> TRUE .)
    GE              reduce using rule 70 (expression -> TRUE .)
    LE              reduce using rule 70 (expression -> TRUE .)
    AND             reduce using rule 70 (expression -> TRUE .)
    OR              reduce using rule 70 (expression -> TRUE .)
    PLUS            reduce using rule 70 (expression -> TRUE .)
    MINUS           reduce using rule 70 (expression -> TRUE .)
    STAR            reduce using rule 70 (expression -> TRUE .)
    DIVIDE          reduce using rule 70 (expression -> TRUE .)
    FROM            reduce using rule 70 (expression -> TRUE .)
    COMMA           reduce using rule 70 (expression -> TRUE .)
    RPAREN          reduce using rule 70 (expression -> TRUE .)
    SEMICOLON       reduce using rule 70 (expression -> TRUE .)
    $end            reduce using rule 70 (expression -> TRUE .)
    GROUP           reduce using rule 70 (expression -> TRUE .)
    ORDER           reduce using rule 70 (expression -> TRUE .)
    LIMIT           reduce using rule 70 (expression -> TRUE .)
    UNION           reduce using rule 70 (expression -> TRUE .)
    INTERSECT       reduce using rule 70 (expression -> TRUE .)
    EXCEPT          reduce using rule 70 (expression -> TRUE .)
    WHERE           reduce using rule 70 (expression -> TRUE .)
    CROSS           reduce using rule 70 (expression -> TRUE .)
    INNER           reduce using rule 70 (expression -> TRUE .)
    LEFT            reduce using rule 70 (expression -> TRUE .)
    RIGHT           reduce using rule 70 (expression -> TRUE .)
    FULL            reduce using rule 70 (expression -> TRUE .)
    JOIN            reduce using rule 70 (expression -> TRUE .)


state 34

    (71) expression -> FALSE .

    AS              reduce using rule 71 (expression -> FALSE .)
    EQUALS          reduce using rule 71 (expression -> FALSE .)
    NEQ             reduce using rule 71 (expression -> FALSE .)
    GT              reduce using rule 71 (expression -> FALSE .)
    LT              reduce using rule 71 (expression -> FALSE .)
    GE              reduce using rule 71 (expression -> FALSE .)
    LE              reduce using rule 71 (expression -> FALSE .)
    AND             reduce using rule 71 (expression -> FALSE .)
    OR              reduce using rule 71 (expression -> FALSE .)
    PLUS            reduce using rule 71 (expression -> FALSE .)
    MINUS           reduce using rule 71 (expression -> FALSE .)
    STAR            reduce using rule 71 (expression -> FALSE .)
    DIVIDE          reduce using rule 71 (expression -> FALSE .)
    FROM            reduce using rule 71 (expression -> FALSE .)
    COMMA           reduce using rule 71 (expression -> FALSE .)
    RPAREN          reduce using rule 71 (expression -> FALSE .)
    SEMICOLON       reduce using rule 71 (expression -> FALSE .)
    $end            reduce using rule 71 (expression -> FALSE .)
    GROUP           reduce using rule 71 (expression -> FALSE .)
    ORDER           reduce using rule 71 (expression -> FALSE .)
    LIMIT           reduce using rule 71 (expression -> FALSE .)
    UNION           reduce using rule 71 (expression -> FALSE .)
    INTERSECT       reduce using rule 71 (expression -> FALSE .)
    EXCEPT          reduce using rule 71 (expression -> FALSE .)
    WHERE           reduce using rule 71 (expression -> FALSE .)
    CROSS           reduce using rule 71 (expression -> FALSE .)
    INNER           reduce using rule 71 (expression -> FALSE .)
    LEFT            reduce using rule 71 (expression -> FALSE .)
    RIGHT           reduce using rule 71 (expression -> FALSE .)
    FULL            reduce using rule 71 (expression -> FALSE .)
    JOIN            reduce using rule 71 (expression -> FALSE .)


state 35

    (72) expression -> NULL .

    AS              reduce using rule 72 (expression -> NULL .)
    EQUALS          reduce using rule 72 (expression -> NULL .)
    NEQ             reduce using rule 72 (expression -> NULL .)
    GT              reduce using rule 72 (expression -> NULL .)
    LT              reduce using rule 72 (expression -> NULL .)
    GE              reduce using rule 72 (expression -> NULL .)
    LE              reduce using rule 72 (expression -> NULL .)
    AND             reduce using rule 72 (expression -> NULL .)
    OR              reduce using rule 72 (expression -> NULL .)
    PLUS            reduce using rule 72 (expression -> NULL .)
    MINUS           reduce using rule 72 (expression -> NULL .)
    STAR            reduce using rule 72 (expression -> NULL .)
    DIVIDE          reduce using rule 72 (expression -> NULL .)
    FROM            reduce using rule 72 (expression -> NULL .)
    COMMA           reduce using rule 72 (expression -> NULL .)
    RPAREN          reduce using rule 72 (expression -> NULL .)
    SEMICOLON       reduce using rule 72 (expression -> NULL .)
    $end            reduce using rule 72 (expression -> NULL .)
    GROUP           reduce using rule 72 (expression -> NULL .)
    ORDER           reduce using rule 72 (expression -> NULL .)
    LIMIT           reduce using rule 72 (expression -> NULL .)
    UNION           reduce using rule 72 (expression -> NULL .)
    INTERSECT       reduce using rule 72 (expression -> NULL .)
    EXCEPT          reduce using rule 72 (expression -> NULL .)
    WHERE           reduce using rule 72 (expression -> NULL .)
    CROSS           reduce using rule 72 (expression -> NULL .)
    INNER           reduce using rule 72 (expression -> NULL .)
    LEFT            reduce using rule 72 (expression -> NULL .)
    RIGHT           reduce using rule 72 (expression -> NULL .)
    FULL            reduce using rule 72 (expression -> NULL .)
    JOIN            reduce using rule 72 (expression -> NULL .)


state 36

    (73) expression -> LPAREN . expression RPAREN
    (54) expression -> . expression EQUALS expression
    (55) expression -> . expression NEQ expression
    (56) expression -> . expression GT expression
    (57) expression -> . expression LT expression
    (58) expression -> . expression GE expression
    (59) expression -> . expression LE expression
    (60) expression -> . expression AND expression
    (61) expression -> . expression OR expression
    (62) expression -> . expression PLUS expression
    (63) expression -> . expression MINUS expression
    (64) expression -> . expression STAR expression
    (65) expression -> . expression DIVIDE expression
    (66) expression -> . qualified_id
    (67) expression -> . aggregate_func
    (68) expression -> . NUMBER
    (69) expression -> . STRING
    (70) expression -> . TRUE
    (71) expression -> . FALSE
    (72) expression -> . NULL
    (73) expression -> . LPAREN expression RPAREN
    (74) qualified_id -> . IDENTIFIER DOT IDENTIFIER
    (75) qualified_id -> . IDENTIFIER
    (36) aggregate_func -> . SUM LPAREN qualified_id RPAREN
    (37) aggregate_func -> . COUNT LPAREN qualified_id RPAREN
    (38) aggregate_func -> . AVG LPAREN qualified_id RPAREN
    (39) aggregate_func -> . MIN LPAREN qualified_id RPAREN
    (40) aggregate_func -> . MAX LPAREN qualified_id RPAREN

    NUMBER          shift and go to state 31
    STRING          shift and go to state 32
    TRUE            shift and go to state 33
    FALSE           shift and go to state 34
    NULL            shift and go to state 35
    LPAREN          shift and go to state 36
    IDENTIFIER      shift and go to state 28
    SUM             shift and go to state 37
    COUNT           shift and go to state 38
    AVG             shift and go to state 39
    MIN             shift and go to state 40
    MAX             shift and go to state 41

    expression                     shift and go to state 67
    qualified_id                   shift and go to state 29
    aggregate_func                 shift and go to state 30

state 37

    (36) aggregate_func -> SUM . LPAREN qualified_id RPAREN

    LPAREN          shift and go to state 68


state 38

    (37) aggregate_func -> COUNT . LPAREN qualified_id RPAREN

    LPAREN          shift and go to state 69


state 39

    (38) aggregate_func -> AVG . LPAREN qualified_id RPAREN

    LPAREN          shift and go to state 70


state 40

    (39) aggregate_func -> MIN . LPAREN qualified_id RPAREN

    LPAREN          shift and go to state 71


state 41

    (40) aggregate_func -> MAX . LPAREN qualified_id RPAREN

    LPAREN          shift and go to state 72


state 42

    (83) insert_stmt -> INSERT INTO . IDENTIFIER VALUES tuple_list

    IDENTIFIER      shift and go to state 73


state 43

    (89) update_stmt -> UPDATE IDENTIFIER . SET assignment_list opt_where

    SET             shift and go to state 74


state 44

    (88) delete_stmt -> DELETE FROM . IDENTIFIER opt_where

    IDENTIFIER      shift and go to state 75


state 45

    (76) create_stmt -> CREATE TABLE . IDENTIFIER LPAREN column_defs RPAREN

    IDENTIFIER      shift and go to state 76


state 46

    (93) drop_stmt -> DROP TABLE . IDENTIFIER

    IDENTIFIER      shift and go to state 77


state 47

    (10) show_tables_stmt -> SHOW TABLES .

    SEMICOLON       reduce using rule 10 (show_tables_stmt -> SHOW TABLES .)
    $end            reduce using rule 10 (show_tables_stmt -> SHOW TABLES .)


state 48

    (15) set_operation -> select_statement UNION select_statement .

    SEMICOLON       reduce using rule 15 (set_operation -> select_statement UNION select_statement .)
    $end            reduce using rule 15 (set_operation -> select_statement UNION select_statement .)


state 49

    (16) set_operation -> select_statement INTERSECT select_statement .

    SEMICOLON       reduce using rule 16 (set_operation -> select_statement INTERSECT select_statement .)
    $end            reduce using rule 16 (set_operation -> select_statement INTERSECT select_statement .)


state 50

    (17) set_operation -> select_statement EXCEPT select_statement .

    SEMICOLON       reduce using rule 17 (set_operation -> select_statement EXCEPT select_statement .)
    $end            reduce using rule 17 (set_operation -> select_statement EXCEPT select_statement .)


state 51

    (11) select_statement -> SELECT projections FROM . from_clause opt_joins opt_where opt_groupby opt_orderby opt_limit
    (12) from_clause -> . IDENTIFIER
    (13) from_clause -> . LPAREN select_statement RPAREN
    (14) from_clause -> . LPAREN select_statement RPAREN AS IDENTIFIER

    IDENTIFIER      shift and go to state 79
    LPAREN          shift and go to state 80

    from_clause                    shift and go to state 78

state 52

    (33) projections -> projections COMMA . projection_item
    (34) projection_item -> . expression
    (35) projection_item -> . expression AS IDENTIFIER
    (54) expression -> . expression EQUALS expression
    (55) expression -> . expression NEQ expression
    (56) expression -> . expression GT expression
    (57) expression -> . expression LT expression
    (58) expression -> . expression GE expression
    (59) expression -> . expression LE expression
    (60) expression -> . expression AND expression
    (61) expression -> . expression OR expression
    (62) expression -> . expression PLUS expression
    (63) expression -> . expression MINUS expression
    (64) expression -> . expression STAR expression
    (65) expression -> . expression DIVIDE expression
    (66) expression -> . qualified_id
    (67) expression -> . aggregate_func
    (68) expression -> . NUMBER
    (69) expression -> . STRING
    (70) expression -> . TRUE
    (71) expression -> . FALSE
    (72) expression -> . NULL
    (73) expression -> . LPAREN expression RPAREN
    (74) qualified_id -> . IDENTIFIER DOT IDENTIFIER
    (75) qualified_id -> . IDENTIFIER
    (36) aggregate_func -> . SUM LPAREN qualified_id RPAREN
    (37) aggregate_func -> . COUNT LPAREN qualified_id RPAREN
    (38) aggregate_func -> . AVG LPAREN qualified_id RPAREN
    (39) aggregate_func -> . MIN LPAREN qualified_id RPAREN
    (40) aggregate_func -> . MAX LPAREN qualified_id RPAREN

    NUMBER          shift and go to state 31
    STRING          shift and go to state 32
    TRUE            shift and go to state 33
    FALSE           shift and go to state 34
    NULL            shift and go to state 35
    LPAREN          shift and go to state 36
    IDENTIFIER      shift and go to state 28
    SUM             shift and go to state 37
    COUNT           shift and go to state 38
    AVG             shift and go to state 39
    MIN             shift and go to state 40
    MAX             shift and go to state 41

    projection_item                shift and go to state 81
    expression                     shift and go to state 27
    qualified_id                   shift and go to state 29
    aggregate_func                 shift and go to state 30

state 53

    (35) projection_item -> expression AS . IDENTIFIER

    IDENTIFIER      shift and go to state 82


state 54

    (54) expression -> expression EQUALS . expression
    (54) expression -> . expression EQUALS expression
    (55) expression -> . expression NEQ expression
    (56) expression -> . expression GT expression
    (57) expression -> . expression LT expression
    (58) expression -> . expression GE expression
    (59) expression -> . expression LE expression
    (60) expression -> . expression AND expression
    (61) expression -> . expression OR expression
    (62) expression -> . expression PLUS expression
    (63) expression -> . expression MINUS expression
    (64) expression -> . expression STAR expression
    (65) expression -> . expression DIVIDE expression
    (66) expression -> . qualified_id
    (67) expression -> . aggregate_func
    (68) expression -> . NUMBER
    (69) expression -> . STRING
    (70) expression -> . TRUE
    (71) expression -> . FALSE
    (72) expression -> . NULL
    (73) expression -> . LPAREN expression RPAREN
    (74) qualified_id -> . IDENTIFIER DOT IDENTIFIER
    (75) qualified_id -> . IDENTIFIER
    (36) aggregate_func -> . SUM LPAREN qualified_id RPAREN
    (37) aggregate_func -> . COUNT LPAREN qualified_id RPAREN
    (38) aggregate_func -> . AVG LPAREN qualified_id RPAREN
    (39) aggregate_func -> . MIN LPAREN qualified_id RPAREN
    (40) aggregate_func -> . MAX LPAREN qualified_id RPAREN

    NUMBER          shift and go to state 31
    STRING          shift and go to state 32
    TRUE            shift and go to state 33
    FALSE           shift and go to state 34
    NULL            shift and go to state 35
    LPAREN          shift and go to state 36
    IDENTIFIER      shift and go to state 28
    SUM             shift and go to state 37
    COUNT           shift and go to state 38
    AVG             shift and go to state 39
    MIN             shift and go to state 40
    MAX             shift and go to state 41

    expression                     shift and go to state 83
    qualified_id                   shift and go to state 29
    aggregate_func                 shift and go to state 30

state 55

    (55) expression -> expression NEQ . expression
    (54) expression -> . expression EQUALS expression
    (55) expression -> . expression NEQ expression
    (56) expression -> . expression GT expression
    (57) expression -> . expression LT expression
    (58) expression -> . expression GE expression
    (59) expression -> . expression LE expression
    (60) expression -> . expression AND expression
    (61) expression -> . expression OR expression
    (62) expression -> . expression PLUS expression
    (63) expression -> . expression MINUS expression
    (64) expression -> . expression STAR expression
    (65) expression -> . expression DIVIDE expression
    (66) expression -> . qualified_id
    (67) expression -> . aggregate_func
    (68) expression -> . NUMBER
    (69) expression -> . STRING
    (70) expression -> . TRUE
    (71) expression -> . FALSE
    (72) expression -> . NULL
    (73) expression -> . LPAREN expression RPAREN
    (74) qualified_id -> . IDENTIFIER DOT IDENTIFIER
    (75) qualified_id -> . IDENTIFIER
    (36) aggregate_func -> . SUM LPAREN qualified_id RPAREN
    (37) aggregate_func -> . COUNT LPAREN qualified_id RPAREN
    (38) aggregate_func -> . AVG LPAREN qualified_id RPAREN
    (39) aggregate_func -> . MIN LPAREN qualified_id RPAREN
    (40) aggregate_func -> . MAX LPAREN qualified_id RPAREN

    NUMBER          shift and go to state 31
    STRING          shift and go to state 32
    TRUE            shift and go to state 33
    FALSE           shift and go to state 34
    NULL            shift and go to state 35
    LPAREN          shift and go to state 36
    IDENTIFIER      shift and go to state 28
    SUM             shift and go to state 37
    COUNT           shift and go to state 38
    AVG             shift and go to state 39
    MIN             shift and go to state 40
    MAX             shift and go to state 41

    expression                     shift and go to state 84
    qualified_id                   shift and go to state 29
    aggregate_func                 shift and go to state 30

state 56

    (56) expression -> expression GT . expression
    (54) expression -> . expression EQUALS expression
    (55) expression -> . expression NEQ expression
    (56) expression -> . expression GT expression
    (57) expression -> . expression LT expression
    (58) expression -> . expression GE expression
    (59) expression -> . expression LE expression
    (60) expression -> . expression AND expression
    (61) expression -> . expression OR expression
    (62) expression -> . expression PLUS expression
    (63) expression -> . expression MINUS expression
    (64) expression -> . expression STAR expression
    (65) expression -> . expression DIVIDE expression
    (66) expression -> . qualified_id
    (67) expression -> . aggregate_func
    (68) expression -> . NUMBER
    (69) expression -> . STRING
    (70) expression -> . TRUE
    (71) expression -> . FALSE
    (72) expression -> . NULL
    (73) expression -> . LPAREN expression RPAREN
    (74) qualified_id -> . IDENTIFIER DOT IDENTIFIER
    (75) qualified_id -> . IDENTIFIER
    (36) aggregate_func -> . SUM LPAREN qualified_id RPAREN
    (37) aggregate_func -> . COUNT LPAREN qualified_id RPAREN
    (38) aggregate_func -> . AVG LPAREN qualified_id RPAREN
    (39) aggregate_func -> . MIN LPAREN qualified_id RPAREN
    (40) aggregate_func -> . MAX LPAREN qualified_id RPAREN

    NUMBER          shift and go to state 31
    STRING          shift and go to state 32
    TRUE            shift and go to state 33
    FALSE           shift and go to state 34
    NULL            shift and go to state 35
    LPAREN          shift and go to state 36
    IDENTIFIER      shift and go to state 28
    SUM             shift and go to state 37
    COUNT           shift and go to state 38
    AVG             shift and go to state 39
    MIN             shift and go to state 40
    MAX             shift and go to state 41

    expression                     shift and go to state 85
    qualified_id                   shift and go to state 29
    aggregate_func                 shift and go to state 30

state 57

    (57) expression -> expression LT . expression
    (54) expression -> . expression EQUALS expression
    (55) expression -> . expression NEQ expression
    (56) expression -> . expression GT expression
    (57) expression -> . expression LT expression
    (58) expression -> . expression GE expression
    (59) expression -> . expression LE expression
    (60) expression -> . expression AND expression
    (61) expression -> . expression OR expression
    (62) expression -> . expression PLUS expression
    (63) expression -> . expression MINUS expression
    (64) expression -> . expression STAR expression
    (65) expression -> . expression DIVIDE expression
    (66) expression -> . qualified_id
    (67) expression -> . aggregate_func
    (68) expression -> . NUMBER
    (69) expression -> . STRING
    (70) expression -> . TRUE
    (71) expression -> . FALSE
    (72) expression -> . NULL
    (73) expression -> . LPAREN expression RPAREN
    (74) qualified_id -> . IDENTIFIER DOT IDENTIFIER
    (75) qualified_id -> . IDENTIFIER
    (36) aggregate_func -> . SUM LPAREN qualified_id RPAREN
    (37) aggregate_func -> . COUNT LPAREN qualified_id RPAREN
    (38) aggregate_func -> . AVG LPAREN qualified_id RPAREN
    (39) aggregate_func -> . MIN LPAREN qualified_id RPAREN
    (40) aggregate_func -> . MAX LPAREN qualified_id RPAREN

    NUMBER          shift and go to state 31
    STRING          shift and go to state 32
    TRUE            shift and go to state 33
    FALSE           shift and go to state 34
    NULL            shift and go to state 35
    LPAREN          shift and go to state 36
    IDENTIFIER      shift and go to state 28
    SUM             shift and go to state 37
    COUNT           shift and go to state 38
    AVG             shift and go to state 39
    MIN             shift and go to state 40
    MAX             shift and go to state 41

    expression                     shift and go to state 86
    qualified_id                   shift and go to state 29
    aggregate_func                 shift and go to state 30

state 58

    (58) expression -> expression GE . expression
    (54) expression -> . expression EQUALS expression
    (55) expression -> . expression NEQ expression
    (56) expression -> . expression GT expression
    (57) expression -> . expression LT expression
    (58) expression -> . expression GE expression
    (59) expression -> . expression LE expression
    (60) expression -> . expression AND expression
    (61) expression -> . expression OR expression
    (62) expression -> . expression PLUS expression
    (63) expression -> . expression MINUS expression
    (64) expression -> . expression STAR expression
    (65) expression -> . expression DIVIDE expression
    (66) expression -> . qualified_id
    (67) expression -> . aggregate_func
    (68) expression -> . NUMBER
    (69) expression -> . STRING
    (70) expression -> . TRUE
    (71) expression -> . FALSE
    (72) expression -> . NULL
    (73) expression -> . LPAREN expression RPAREN
    (74) qualified_id -> . IDENTIFIER DOT IDENTIFIER
    (75) qualified_id -> . IDENTIFIER
    (36) aggregate_func -> . SUM LPAREN qualified_id RPAREN
    (37) aggregate_func -> . COUNT LPAREN qualified_id RPAREN
    (38) aggregate_func -> . AVG LPAREN qualified_id RPAREN
    (39) aggregate_func -> . MIN LPAREN qualified_id RPAREN
    (40) aggregate_func -> . MAX LPAREN qualified_id RPAREN

    NUMBER          shift and go to state 31
    STRING          shift and go to state 32
    TRUE            shift and go to state 33
    FALSE           shift and go to state 34
    NULL            shift and go to state 35
    LPAREN          shift and go to state 36
    IDENTIFIER      shift and go to state 28
    SUM             shift and go to state 37
    COUNT           shift and go to state 38
    AVG             shift and go to state 39
    MIN             shift and go to state 40
    MAX             shift and go to state 41

    expression                     shift and go to state 87
    qualified_id                   shift and go to state 29
    aggregate_func                 shift and go to state 30

state 59

    (59) expression -> expression LE . expression
    (54) expression -> . expression EQUALS expression
    (55) expression -> . expression NEQ expression
    (56) expression -> . expression GT expression
    (57) expression -> . expression LT expression
    (58) expression -> . expression GE expression
    (59) expression -> . expression LE expression
    (60) expression -> . expression AND expression
    (61) expression -> . expression OR expression
    (62) expression -> . expression PLUS expression
    (63) expression -> . expression MINUS expression
    (64) expression -> . expression STAR expression
    (65) expression -> . expression DIVIDE expression
    (66) expression -> . qualified_id
    (67) expression -> . aggregate_func
    (68) expression -> . NUMBER
    (69) expression -> . STRING
    (70) expression -> . TRUE
    (71) expression -> . FALSE
    (72) expression -> . NULL
    (73) expression -> . LPAREN expression RPAREN
    (74) qualified_id -> . IDENTIFIER DOT IDENTIFIER
    (75) qualified_id -> . IDENTIFIER
    (36) aggregate_func -> . SUM LPAREN qualified_id RPAREN
    (37) aggregate_func -> . COUNT LPAREN qualified_id RPAREN
    (38) aggregate_func -> . AVG LPAREN qualified_id RPAREN
    (39) aggregate_func -> . MIN LPAREN qualified_id RPAREN
    (40) aggregate_func -> . MAX LPAREN qualified_id RPAREN

    NUMBER          shift and go to state 31
    STRING          shift and go to state 32
    TRUE            shift and go to state 33
    FALSE           shift and go to state 34
    NULL            shift and go to state 35
    LPAREN          shift and go to state 36
    IDENTIFIER      shift and go to state 28
    SUM             shift and go to state 37
    COUNT           shift and go to state 38
    AVG             shift and go to state 39
    MIN             shift and go to state 40
    MAX             shift and go to state 41

    expression                     shift and go to state 88
    qualified_id                   shift and go to state 29
    aggregate_func                 shift and go to state 30

state 60

    (60) expression -> expression AND . expression
    (54) expression -> . expression EQUALS expression
    (55) expression -> . expression NEQ expression
    (56) expression -> . expression GT expression
    (57) expression -> . expression LT expression
    (58) expression -> . expression GE expression
    (59) expression -> . expression LE expression
    (60) expression -> . expression AND expression
    (61) expression -> . expression OR expression
    (62) expression -> . expression PLUS expression
    (63) expression -> . expression MINUS expression
    (64) expression -> . expression STAR expression
    (65) expression -> . expression DIVIDE expression
    (66) expression -> . qualified_id
    (67) expression -> . aggregate_func
    (68) expression -> . NUMBER
    (69) expression -> . STRING
    (70) expression -> . TRUE
    (71) expression -> . FALSE
    (72) expression -> . NULL
    (73) expression -> . LPAREN expression RPAREN
    (74) qualified_id -> . IDENTIFIER DOT IDENTIFIER
    (75) qualified_id -> . IDENTIFIER
    (36) aggregate_func -> . SUM LPAREN qualified_id RPAREN
    (37) aggregate_func -> . COUNT LPAREN qualified_id RPAREN
    (38) aggregate_func -> . AVG LPAREN qualified_id RPAREN
    (39) aggregate_func -> . MIN LPAREN qualified_id RPAREN
    (40) aggregate_func -> . MAX LPAREN qualified_id RPAREN

    NUMBER          shift and go to state 31
    STRING          shift and go to state 32
    TRUE            shift and go to state 33
    FALSE           shift and go to state 34
    NULL            shift and go to state 35
    LPAREN          shift and go to state 36
    IDENTIFIER      shift and go to state 28
    SUM             shift and go to state 37
    COUNT           shift and go to state 38
    AVG             shift and go to state 39
    MIN             shift and go to state 40
    MAX             shift and go to state 41

    expression                     shift and go to state 89
    qualified_id                   shift and go to state 29
    aggregate_func                 shift and go to state 30

state 61

    (61) expression -> expression OR . expression
    (54) expression -> . expression EQUALS expression
    (55) expression -> . expression NEQ expression
    (56) expression -> . expression GT expression
    (57) expression -> . expression LT expression
    (58) expression -> . expression GE expression
    (59) expression -> . expression LE expression
    (60) expression -> . expression AND expression
    (61) expression -> . expression OR expression
    (62) expression -> . expression PLUS expression
    (63) expression -> . expression MINUS expression
    (64) expression -> . expression STAR expression
    (65) expression -> . expression DIVIDE expression
    (66) expression -> . qualified_id
    (67) expression -> . aggregate_func
    (68) expression -> . NUMBER
    (69) expression -> . STRING
    (70) expression -> . TRUE
    (71) expression -> . FALSE
    (72) expression -> . NULL
    (73) expression -> . LPAREN expression RPAREN
    (74) qualified_id -> . IDENTIFIER DOT IDENTIFIER
    (75) qualified_id -> . IDENTIFIER
    (36) aggregate_func -> . SUM LPAREN qualified_id RPAREN
    (37) aggregate_func -> . COUNT LPAREN qualified_id RPAREN
    (38) aggregate_func -> . AVG LPAREN qualified_id RPAREN
    (39) aggregate_func -> . MIN LPAREN qualified_id RPAREN
    (40) aggregate_func -> . MAX LPAREN qualified_id RPAREN

    NUMBER          shift and go to state 31
    STRING          shift and go to state 32
    TRUE            shift and go to state 33
    FALSE           shift and go to state 34
    NULL            shift and go to state 35
    LPAREN          shift and go to state 36
    IDENTIFIER      shift and go to state 28
    SUM             shift and go to state 37
    COUNT           shift and go to state 38
    AVG             shift and go to state 39
    MIN             shift and go to state 40
    MAX             shift and go to state 41

    expression                     shift and go to state 90
    qualified_id                   shift and go to state 29
    aggregate_func                 shift and go to state 30

state 62

    (62) expression -> expression PLUS . expression
    (54) expression -> . expression EQUALS expression
    (55) expression -> . expression NEQ expression
    (56) expression -> . expression GT expression
    (57) expression -> . expression LT expression
    (58) expression -> . expression GE expression
    (59) expression -> . expression LE expression
    (60) expression -> . expression AND expression
    (61) expression -> . expression OR expression
    (62) expression -> . expression PLUS expression
    (63) expression -> . expression MINUS expression
    (64) expression -> . expression STAR expression
    (65) expression -> . expression DIVIDE expression
    (66) expression -> . qualified_id
    (67) expression -> . aggregate_func
    (68) expression -> . NUMBER
    (69) expression -> . STRING
    (70) expression -> . TRUE
    (71) expression -> . FALSE
    (72) expression -> . NULL
    (73) expression -> . LPAREN expression RPAREN
    (74) qualified_id -> . IDENTIFIER DOT IDENTIFIER
    (75) qualified_id -> . IDENTIFIER
    (36) aggregate_func -> . SUM LPAREN qualified_id RPAREN
    (37) aggregate_func -> . COUNT LPAREN qualified_id RPAREN
    (38) aggregate_func -> . AVG LPAREN qualified_id RPAREN
    (39) aggregate_func -> . MIN LPAREN qualified_id RPAREN
    (40) aggregate_func -> . MAX LPAREN qualified_id RPAREN

    NUMBER          shift and go to state 31
    STRING          shift and go to state 32
    TRUE            shift and go to state 33
    FALSE           shift and go to state 34
    NULL            shift and go to state 35
    LPAREN          shift and go to state 36
    IDENTIFIER      shift and go to state 28
    SUM             shift and go to state 37
    COUNT           shift and go to state 38
    AVG             shift and go to state 39
    MIN             shift and go to state 40
    MAX             shift and go to state 41

    expression                     shift and go to state 91
    qualified_id                   shift and go to state 29
    aggregate_func                 shift and go to state 30

state 63

    (63) expression -> expression MINUS . expression
    (54) expression -> . expression EQUALS expression
    (55) expression -> . expression NEQ expression
    (56) expression -> . expression GT expression
    (57) expression -> . expression LT expression
    (58) expression -> . expression GE expression
    (59) expression -> . expression LE expression
    (60) expression -> . expression AND expression
    (61) expression -> . expression OR expression
    (62) expression -> . expression PLUS expression
    (63) expression -> . expression MINUS expression
    (64) expression -> . expression STAR expression
    (65) expression -> . expression DIVIDE expression
    (66) expression -> . qualified_id
    (67) expression -> . aggregate_func
    (68) expression -> . NUMBER
    (69) expression -> . STRING
    (70) expression -> . TRUE
    (71) expression -> . FALSE
    (72) expression -> . NULL
    (73) expression -> . LPAREN expression RPAREN
    (74) qualified_id -> . IDENTIFIER DOT IDENTIFIER
    (75) qualified_id -> . IDENTIFIER
    (36) aggregate_func -> . SUM LPAREN qualified_id RPAREN
    (37) aggregate_func -> . COUNT LPAREN qualified_id RPAREN
    (38) aggregate_func -> . AVG LPAREN qualified_id RPAREN
    (39) aggregate_func -> . MIN LPAREN qualified_id RPAREN
    (40) aggregate_func -> . MAX LPAREN qualified_id RPAREN

    NUMBER          shift and go to state 31
    STRING          shift and go to state 32
    TRUE            shift and go to state 33
    FALSE           shift and go to state 34
    NULL            shift and go to state 35
    LPAREN          shift and go to state 36
    IDENTIFIER      shift and go to state 28
    SUM             shift and go to state 37
    COUNT           shift and go to state 38
    AVG             shift and go to state 39
    MIN             shift and go to state 40
    MAX             shift and go to state 41

    expression                     shift and go to state 92
    qualified_id                   shift and go to state 29
    aggregate_func                 shift and go to state 30

state 64

    (64) expression -> expression STAR . expression
    (54) expression -> . expression EQUALS expression
    (55) expression -> . expression NEQ expression
    (56) expression -> . expression GT expression
    (57) expression -> . expression LT expression
    (58) expression -> . expression GE expression
    (59) expression -> . expression LE expression
    (60) expression -> . expression AND expression
    (61) expression -> . expression OR expression
    (62) expression -> . expression PLUS expression
    (63) expression -> . expression MINUS expression
    (64) expression -> . expression STAR expression
    (65) expression -> . expression DIVIDE expression
    (66) expression -> . qualified_id
    (67) expression -> . aggregate_func
    (68) expression -> . NUMBER
    (69) expression -> . STRING
    (70) expression -> . TRUE
    (71) expression -> . FALSE
    (72) expression -> . NULL
    (73) expression -> . LPAREN expression RPAREN
    (74) qualified_id -> . IDENTIFIER DOT IDENTIFIER
    (75) qualified_id -> . IDENTIFIER
    (36) aggregate_func -> . SUM LPAREN qualified_id RPAREN
    (37) aggregate_func -> . COUNT LPAREN qualified_id RPAREN
    (38) aggregate_func -> . AVG LPAREN qualified_id RPAREN
    (39) aggregate_func -> . MIN LPAREN qualified_id RPAREN
    (40) aggregate_func -> . MAX LPAREN qualified_id RPAREN

    NUMBER          shift and go to state 31
    STRING          shift and go to state 32
    TRUE            shift and go to state 33
    FALSE           shift and go to state 34
    NULL            shift and go to state 35
    LPAREN          shift and go to state 36
    IDENTIFIER      shift and go to state 28
    SUM             shift and go to state 37
    COUNT           shift and go to state 38
    AVG             shift and go to state 39
    MIN             shift and go to state 40
    MAX             shift and go to state 41

    expression                     shift and go to state 93
    qualified_id                   shift and go to state 29
    aggregate_func                 shift and go to state 30

state 65

    (65) expression -> expression DIVIDE . expression
    (54) expression -> . expression EQUALS expression
    (55) expression -> . expression NEQ expression
    (56) expression -> . expression GT expression
    (57) expression -> . expression LT expression
    (58) expression -> . expression GE expression
    (59) expression -> . expression LE expression
    (60) expression -> . expression AND expression
    (61) expression -> . expression OR expression
    (62) expression -> . expression PLUS expression
    (63) expression -> . expression MINUS expression
    (64) expression -> . expression STAR expression
    (65) expression -> . expression DIVIDE expression
    (66) expression -> . qualified_id
    (67) expression -> . aggregate_func
    (68) expression -> . NUMBER
    (69) expression -> . STRING
    (70) expression -> . TRUE
    (71) expression -> . FALSE
    (72) expression -> . NULL
    (73) expression -> . LPAREN expression RPAREN
    (74) qualified_id -> . IDENTIFIER DOT IDENTIFIER
    (75) qualified_id -> . IDENTIFIER
    (36) aggregate_func -> . SUM LPAREN qualified_id RPAREN
    (37) aggregate_func -> . COUNT LPAREN qualified_id RPAREN
    (38) aggregate_func -> . AVG LPAREN qualified_id RPAREN
    (39) aggregate_func -> . MIN LPAREN qualified_id RPAREN
    (40) aggregate_func -> . MAX LPAREN qualified_id RPAREN

    NUMBER          shift and go to state 31
    STRING          shift and go to state 32
    TRUE            shift and go to state 33
    FALSE           shift and go to state 34
    NULL            shift and go to state 35
    LPAREN          shift and go to state 36
    IDENTIFIER      shift and go to state 28
    SUM             shift and go to state 37
    COUNT           shift and go to state 38
    AVG             shift and go to state 39
    MIN             shift and go to state 40
    MAX             shift and go to state 41

    expression                     shift and go to state 94
    qualified_id                   shift and go to state 29
    aggregate_func                 shift and go to state 30

state 66

    (74) qualified_id -> IDENTIFIER DOT . IDENTIFIER

    IDENTIFIER      shift and go to state 95


state 67

    (73) expression -> LPAREN expression . RPAREN
    (54) expression -> expression . EQUALS expression
    (55) expression -> expression . NEQ expression
    (56) expression -> expression . GT expression
    (57) expression -> expression . LT expression
    (58) expression -> expression . GE expression
    (59) expression -> expression . LE expression
    (60) expression -> expression . AND expression
    (61) expression -> expression . OR expression
    (62) expression -> expression . PLUS expression
    (63) expression -> expression . MINUS expression
    (64) expression -> expression . STAR expression
    (65) expression -> expression . DIVIDE expression

    RPAREN          shift and go to state 96
    EQUALS          shift and go to state 54
    NEQ             shift and go to state 55
    GT              shift and go to state 56
    LT              shift and go to state 57
    GE              shift and go to state 58
    LE              shift and go to state 59
    AND             shift and go to state 60
    OR              shift and go to state 61
    PLUS            shift and go to state 62
    MINUS           shift and go to state 63
    STAR            shift and go to state 64
    DIVIDE          shift and go to state 65


state 68

    (36) aggregate_func -> SUM LPAREN . qualified_id RPAREN
    (74) qualified_id -> . IDENTIFIER DOT IDENTIFIER
    (75) qualified_id -> . IDENTIFIER

    IDENTIFIER      shift and go to state 28

    qualified_id                   shift and go to state 97

state 69

    (37) aggregate_func -> COUNT LPAREN . qualified_id RPAREN
    (74) qualified_id -> . IDENTIFIER DOT IDENTIFIER
    (75) qualified_id -> . IDENTIFIER

    IDENTIFIER      shift and go to state 28

    qualified_id                   shift and go to state 98

state 70

    (38) aggregate_func -> AVG LPAREN . qualified_id RPAREN
    (74) qualified_id -> . IDENTIFIER DOT IDENTIFIER
    (75) qualified_id -> . IDENTIFIER

    IDENTIFIER      shift and go to state 28

    qualified_id                   shift and go to state 99

state 71

    (39) aggregate_func -> MIN LPAREN . qualified_id RPAREN
    (74) qualified_id -> . IDENTIFIER DOT IDENTIFIER
    (75) qualified_id -> . IDENTIFIER

    IDENTIFIER      shift and go to state 28

    qualified_id                   shift and go to state 100

state 72

    (40) aggregate_func -> MAX LPAREN . qualified_id RPAREN
    (74) qualified_id -> . IDENTIFIER DOT IDENTIFIER
    (75) qualified_id -> . IDENTIFIER

    IDENTIFIER      shift and go to state 28

    qualified_id                   shift and go to state 101

state 73

    (83) insert_stmt -> INSERT INTO IDENTIFIER . VALUES tuple_list

    VALUES          shift and go to state 102


state 74

    (89) update_stmt -> UPDATE IDENTIFIER SET . assignment_list opt_where
    (90) assignment_list -> . assignment
    (91) assignment_list -> . assignment_list COMMA assignment
    (92) assignment -> . IDENTIFIER EQUALS expression

    IDENTIFIER      shift and go to state 103

    assignment_list                shift and go to state 104
    assignment                     shift and go to state 105

state 75

    (88) delete_stmt -> DELETE FROM IDENTIFIER . opt_where
    (52) opt_where -> . WHERE expression
    (53) opt_where -> . empty
    (96) empty -> .

    WHERE           shift and go to state 107
    SEMICOLON       reduce using rule 96 (empty -> .)
    $end            reduce using rule 96 (empty -> .)

    opt_where                      shift and go to state 106
    empty                          shift and go to state 108

state 76

    (76) create_stmt -> CREATE TABLE IDENTIFIER . LPAREN column_defs RPAREN

    LPAREN          shift and go to state 109


state 77

    (93) drop_stmt -> DROP TABLE IDENTIFIER .

    SEMICOLON       reduce using rule 93 (drop_stmt -> DROP TABLE IDENTIFIER .)
    $end            reduce using rule 93 (drop_stmt -> DROP TABLE IDENTIFIER .)


state 78

    (11) select_statement -> SELECT projections FROM from_clause . opt_joins opt_where opt_groupby opt_orderby opt_limit
    (41) opt_joins -> . join_list
    (42) opt_joins -> . empty
    (43) join_list -> . join_item
    (44) join_list -> . join_list join_item
    (96) empty -> .
    (45) join_item -> . join_type JOIN IDENTIFIER ON expression
    (46) join_item -> . CROSS JOIN IDENTIFIER
    (47) join_type -> . INNER
    (48) join_type -> . LEFT
    (49) join_type -> . RIGHT
    (50) join_type -> . FULL
    (51) join_type -> . empty

    WHERE           reduce using rule 96 (empty -> .)
    GROUP           reduce using rule 96 (empty -> .)
    ORDER           reduce using rule 96 (empty -> .)
    LIMIT           reduce using rule 96 (empty -> .)
    UNION           reduce using rule 96 (empty -> .)
    INTERSECT       reduce using rule 96 (empty -> .)
    EXCEPT          reduce using rule 96 (empty -> .)
    SEMICOLON       reduce using rule 96 (empty -> .)
    $end            reduce using rule 96 (empty -> .)
    RPAREN          reduce using rule 96 (empty -> .)
    JOIN            reduce using rule 96 (empty -> .)
    CROSS           shift and go to state 115
    INNER           shift and go to state 116
    LEFT            shift and go to state 117
    RIGHT           shift and go to state 118
    FULL            shift and go to state 119

    opt_joins                      shift and go to state 110
    join_list                      shift and go to state 111
    empty                          shift and go to state 112
    join_item                      shift and go to state 113
    join_type                      shift and go to state 114

state 79

    (12) from_clause -> IDENTIFIER .

    CROSS           reduce using rule 12 (from_clause -> IDENTIFIER .)
    INNER           reduce using rule 12 (from_clause -> IDENTIFIER .)
    LEFT            reduce using rule 12 (from_clause -> IDENTIFIER .)
    RIGHT           reduce using rule 12 (from_clause -> IDENTIFIER .)
    FULL            reduce using rule 12 (from_clause -> IDENTIFIER .)
    WHERE           reduce using rule 12 (from_clause -> IDENTIFIER .)
    GROUP           reduce using rule 12 (from_clause -> IDENTIFIER .)
    ORDER           reduce using rule 12 (from_clause -> IDENTIFIER .)
    LIMIT           reduce using rule 12 (from_clause -> IDENTIFIER .)
    JOIN            reduce using rule 12 (from_clause -> IDENTIFIER .)
    UNION           reduce using rule 12 (from_clause -> IDENTIFIER .)
    INTERSECT       reduce using rule 12 (from_clause -> IDENTIFIER .)
    EXCEPT          reduce using rule 12 (from_clause -> IDENTIFIER .)
    SEMICOLON       reduce using rule 12 (from_clause -> IDENTIFIER .)
    $end            reduce using rule 12 (from_clause -> IDENTIFIER .)
    RPAREN          reduce using rule 12 (from_clause -> IDENTIFIER .)


state 80

    (13) from_clause -> LPAREN . select_statement RPAREN
    (14) from_clause -> LPAREN . select_statement RPAREN AS IDENTIFIER
    (11) select_statement -> . SELECT projections FROM from_clause opt_joins opt_where opt_groupby opt_orderby opt_limit

    SELECT          shift and go to state 11

    select_statement               shift and go to state 120

state 81

    (33) projections -> projections COMMA projection_item .

    FROM            reduce using rule 33 (projections -> projections COMMA projection_item .)
    COMMA           reduce using rule 33 (projections -> projections COMMA projection_item .)


state 82

    (35) projection_item -> expression AS IDENTIFIER .

    FROM            reduce using rule 35 (projection_item -> expression AS IDENTIFIER .)
    COMMA           reduce using rule 35 (projection_item -> expression AS IDENTIFIER .)


state 83

    (54) expression -> expression EQUALS expression .
    (54) expression -> expression . EQUALS expression
    (55) expression -> expression . NEQ expression
    (56) expression -> expression . GT expression
    (57) expression -> expression . LT expression
    (58) expression -> expression . GE expression
    (59) expression -> expression . LE expression
    (60) expression -> expression . AND expression
    (61) expression -> expression . OR expression
    (62) expression -> expression . PLUS expression
    (63) expression -> expression . MINUS expression
    (64) expression -> expression . STAR expression
    (65) expression -> expression . DIVIDE expression

    AS              reduce using rule 54 (expression -> expression EQUALS expression .)
    EQUALS          reduce using rule 54 (expression -> expression EQUALS expression .)
    NEQ             reduce using rule 54 (expression -> expression EQUALS expression .)
    GT              reduce using rule 54 (expression -> expression EQUALS expression .)
    LT              reduce using rule 54 (expression -> expression EQUALS expression .)
    GE              reduce using rule 54 (expression -> expression EQUALS expression .)
    LE              reduce using rule 54 (expression -> expression EQUALS expression .)
    AND             reduce using rule 54 (expression -> expression EQUALS expression .)
    OR              reduce using rule 54 (expression -> expression EQUALS expression .)
    FROM            reduce using rule 54 (expression -> expression EQUALS expression .)
    COMMA           reduce using rule 54 (expression -> expression EQUALS expression .)
    RPAREN          reduce using rule 54 (expression -> expression EQUALS expression .)
    SEMICOLON       reduce using rule 54 (expression -> expression EQUALS expression .)
    $end            reduce using rule 54 (expression -> expression EQUALS expression .)
    GROUP           reduce using rule 54 (expression -> expression EQUALS expression .)
    ORDER           reduce using rule 54 (expression -> expression EQUALS expression .)
    LIMIT           reduce using rule 54 (expression -> expression EQUALS expression .)
    UNION           reduce using rule 54 (expression -> expression EQUALS expression .)
    INTERSECT       reduce using rule 54 (expression -> expression EQUALS expression .)
    EXCEPT          reduce using rule 54 (expression -> expression EQUALS expression .)
    WHERE           reduce using rule 54 (expression -> expression EQUALS expression .)
    CROSS           reduce using rule 54 (expression -> expression EQUALS expression .)
    INNER           reduce using rule 54 (expression -> expression EQUALS expression .)
    LEFT            reduce using rule 54 (expression -> expression EQUALS expression .)
    RIGHT           reduce using rule 54 (expression -> expression EQUALS expression .)
    FULL            reduce using rule 54 (expression -> expression EQUALS expression .)
    JOIN            reduce using rule 54 (expression -> expression EQUALS expression .)
    PLUS            shift and go to state 62
    MINUS           shift and go to state 63
    STAR            shift and go to state 64
    DIVIDE          shift and go to state 65

  ! PLUS            [ reduce using rule 54 (expression -> expression EQUALS expression .) ]
  ! MINUS           [ reduce using rule 54 (expression -> expression EQUALS expression .) ]
  ! STAR            [ reduce using rule 54 (expression -> expression EQUALS expression .) ]
  ! DIVIDE          [ reduce using rule 54 (expression -> expression EQUALS expression .) ]
  ! EQUALS          [ shift and go to state 54 ]
  ! NEQ             [ shift and go to state 55 ]
  ! GT              [ shift and go to state 56 ]
  ! LT              [ shift and go to state 57 ]
  ! GE              [ shift and go to state 58 ]
  ! LE              [ shift and go to state 59 ]
  ! AND             [ shift and go to state 60 ]
  ! OR              [ shift and go to state 61 ]


state 84

    (55) expression -> expression NEQ expression .
    (54) expression -> expression . EQUALS expression
    (55) expression -> expression . NEQ expression
    (56) expression -> expression . GT expression
    (57) expression -> expression . LT expression
    (58) expression -> expression . GE expression
    (59) expression -> expression . LE expression
    (60) expression -> expression . AND expression
    (61) expression -> expression . OR expression
    (62) expression -> expression . PLUS expression
    (63) expression -> expression . MINUS expression
    (64) expression -> expression . STAR expression
    (65) expression -> expression . DIVIDE expression

    AS              reduce using rule 55 (expression -> expression NEQ expression .)
    EQUALS          reduce using rule 55 (expression -> expression NEQ expression .)
    NEQ             reduce using rule 55 (expression -> expression NEQ expression .)
    GT              reduce using rule 55 (expression -> expression NEQ expression .)
    LT              reduce using rule 55 (expression -> expression NEQ expression .)
    GE              reduce using rule 55 (expression -> expression NEQ expression .)
    LE              reduce using rule 55 (expression -> expression NEQ expression .)
    AND             reduce using rule 55 (expression -> expression NEQ expression .)
    OR              reduce using rule 55 (expression -> expression NEQ expression .)
    FROM            reduce using rule 55 (expression -> expression NEQ expression .)
    COMMA           reduce using rule 55 (expression -> expression NEQ expression .)
    RPAREN          reduce using rule 55 (expression -> expression NEQ expression .)
    SEMICOLON       reduce using rule 55 (expression -> expression NEQ expression .)
    $end            reduce using rule 55 (expression -> expression NEQ expression .)
    GROUP           reduce using rule 55 (expression -> expression NEQ expression .)
    ORDER           reduce using rule 55 (expression -> expression NEQ expression .)
    LIMIT           reduce using rule 55 (expression -> expression NEQ expression .)
    UNION           reduce using rule 55 (expression -> expression NEQ expression .)
    INTERSECT       reduce using rule 55 (expression -> expression NEQ expression .)
    EXCEPT          reduce using rule 55 (expression -> expression NEQ expression .)
    WHERE           reduce using rule 55 (expression -> expression NEQ expression .)
    CROSS           reduce using rule 55 (expression -> expression NEQ expression .)
    INNER           reduce using rule 55 (expression -> expression NEQ expression .)
    LEFT            reduce using rule 55 (expression -> expression NEQ expression .)
    RIGHT           reduce using rule 55 (expression -> expression NEQ expression .)
    FULL            reduce using rule 55 (expression -> expression NEQ expression .)
    JOIN            reduce using rule 55 (expression -> expression NEQ expression .)
    PLUS            shift and go to state 62
    MINUS           shift and go to state 63
    STAR            shift and go to state 64
    DIVIDE          shift and go to state 65

  ! PLUS            [ reduce using rule 55 (expression -> expression NEQ expression .) ]
  ! MINUS           [ reduce using rule 55 (expression -> expression NEQ expression .) ]
  ! STAR            [ reduce using rule 55 (expression -> expression NEQ expression .) ]
  ! DIVIDE          [ reduce using rule 55 (expression -> expression NEQ expression .) ]
  ! EQUALS          [ shift and go to state 54 ]
  ! NEQ             [ shift and go to state 55 ]
  ! GT              [ shift and go to state 56 ]
  ! LT              [ shift and go to state 57 ]
  ! GE              [ shift and go to state 58 ]
  ! LE              [ shift and go to state 59 ]
  ! AND             [ shift and go to state 60 ]
  ! OR              [ shift and go to state 61 ]


state 85

    (56) expression -> expression GT expression .
    (54) expression -> expression . EQUALS expression
    (55) expression -> expression . NEQ expression
    (56) expression -> expression . GT expression
    (57) expression -> expression . LT expression
    (58) expression -> expression . GE expression
    (59) expression -> expression . LE expression
    (60) expression -> expression . AND expression
    (61) expression -> expression . OR expression
    (62) expression -> expression . PLUS expression
    (63) expression -> expression . MINUS expression
    (64) expression -> expression . STAR expression
    (65) expression -> expression . DIVIDE expression

    AS              reduce using rule 56 (expression -> expression GT expression .)
    EQUALS          reduce using rule 56 (expression -> expression GT expression .)
    NEQ             reduce using rule 56 (expression -> expression GT expression .)
    GT              reduce using rule 56 (expression -> expression GT expression .)
    LT              reduce using rule 56 (expression -> expression GT expression .)
    GE              reduce using rule 56 (expression -> expression GT expression .)
    LE              reduce using rule 56 (expression -> expression GT expression .)
    AND             reduce using rule 56 (expression -> expression GT expression .)
    OR              reduce using rule 56 (expression -> expression GT expression .)
    FROM            reduce using rule 56 (expression -> expression GT expression .)
    COMMA           reduce using rule 56 (expression -> expression GT expression .)
    RPAREN          reduce using rule 56 (expression -> expression GT expression .)
    SEMICOLON       reduce using rule 56 (expression -> expression GT expression .)
    $end            reduce using rule 56 (expression -> expression GT expression .)
    GROUP           reduce using rule 56 (expression -> expression GT expression .)
    ORDER           reduce using rule 56 (expression -> expression GT expression .)
    LIMIT           reduce using rule 56 (expression -> expression GT expression .)
    UNION           reduce using rule 56 (expression -> expression GT expression .)
    INTERSECT       reduce using rule 56 (expression -> expression GT expression .)
    EXCEPT          reduce using rule 56 (expression -> expression GT expression .)
    WHERE           reduce using rule 56 (expression -> expression GT expression .)
    CROSS           reduce using rule 56 (expression -> expression GT expression .)
    INNER           reduce using rule 56 (expression -> expression GT expression .)
    LEFT            reduce using rule 56 (expression -> expression GT expression .)
    RIGHT           reduce using rule 56 (expression -> expression GT expression .)
    FULL            reduce using rule 56 (expression -> expression GT expression .)
    JOIN            reduce using rule 56 (expression -> expression GT expression .)
    PLUS            shift and go to state 62
    MINUS           shift and go to state 63
    STAR            shift and go to state 64
    DIVIDE          shift and go to state 65

  ! PLUS            [ reduce using rule 56 (expression -> expression GT expression .) ]
  ! MINUS           [ reduce using rule 56 (expression -> expression GT expression .) ]
  ! STAR            [ reduce using rule 56 (expression -> expression GT expression .) ]
  ! DIVIDE          [ reduce using rule 56 (expression -> expression GT expression .) ]
  ! EQUALS          [ shift and go to state 54 ]
  ! NEQ             [ shift and go to state 55 ]
  ! GT              [ shift and go to state 56 ]
  ! LT              [ shift and go to state 57 ]
  ! GE              [ shift and go to state 58 ]
  ! LE              [ shift and go to state 59 ]
  ! AND             [ shift and go to state 60 ]
  ! OR              [ shift and go to state 61 ]


state 86

    (57) expression -> expression LT expression .
    (54) expression -> expression . EQUALS expression
    (55) expression -> expression . NEQ expression
    (56) expression -> expression . GT expression
    (57) expression -> expression . LT expression
    (58) expression -> expression . GE expression
    (59) expression -> expression . LE expression
    (60) expression -> expression . AND expression
    (61) expression -> expression . OR expression
    (62) expression -> expression . PLUS expression
    (63) expression -> expression . MINUS expression
    (64) expression -> expression . STAR expression
    (65) expression -> expression . DIVIDE expression

    AS              reduce using rule 57 (expression -> expression LT expression .)
    EQUALS          reduce using rule 57 (expression -> expression LT expression .)
    NEQ             reduce using rule 57 (expression -> expression LT expression .)
    GT              reduce using rule 57 (expression -> expression LT expression .)
    LT              reduce using rule 57 (expression -> expression LT expression .)
    GE              reduce using rule 57 (expression -> expression LT expression .)
    LE              reduce using rule 57 (expression -> expression LT expression .)
    AND             reduce using rule 57 (expression -> expression LT expression .)
    OR              reduce using rule 57 (expression -> expression LT expression .)
    FROM            reduce using rule 57 (expression -> expression LT expression .)
    COMMA           reduce using rule 57 (expression -> expression LT expression .)
    RPAREN          reduce using rule 57 (expression -> expression LT expression .)
    SEMICOLON       reduce using rule 57 (expression -> expression LT expression .)
    $end            reduce using rule 57 (expression -> expression LT expression .)
    GROUP           reduce using rule 57 (expression -> expression LT expression .)
    ORDER           reduce using rule 57 (expression -> expression LT expression .)
    LIMIT           reduce using rule 57 (expression -> expression LT expression .)
    UNION           reduce using rule 57 (expression -> expression LT expression .)
    INTERSECT       reduce using rule 57 (expression -> expression LT expression .)
    EXCEPT          reduce using rule 57 (expression -> expression LT expression .)
    WHERE           reduce using rule 57 (expression -> expression LT expression .)
    CROSS           reduce using rule 57 (expression -> expression LT expression .)
    INNER           reduce using rule 57 (expression -> expression LT expression .)
    LEFT            reduce using rule 57 (expression -> expression LT expression .)
    RIGHT           reduce using rule 57 (expression -> expression LT expression .)
    FULL            reduce using rule 57 (expression -> expression LT expression .)
    JOIN            reduce using rule 57 (expression -> expression LT expression .)
    PLUS            shift and go to state 62
    MINUS           shift and go to state 63
    STAR            shift and go to state 64
    DIVIDE          shift and go to state 65

  ! PLUS            [ reduce using rule 57 (expression -> expression LT expression .) ]
  ! MINUS           [ reduce using rule 57 (expression -> expression LT expression .) ]
  ! STAR            [ reduce using rule 57 (expression -> expression LT expression .) ]
  ! DIVIDE          [ reduce using rule 57 (expression -> expression LT expression .) ]
  ! EQUALS          [ shift and go to state 54 ]
  ! NEQ             [ shift and go to state 55 ]
  ! GT              [ shift and go to state 56 ]
  ! LT              [ shift and go to state 57 ]
  ! GE              [ shift and go to state 58 ]
  ! LE              [ shift and go to state 59 ]
  ! AND             [ shift and go to state 60 ]
  ! OR              [ shift and go to state 61 ]


state 87

    (58) expression -> expression GE expression .
    (54) expression -> expression . EQUALS expression
    (55) expression -> expression . NEQ expression
    (56) expression -> expression . GT expression
    (57) expression -> expression . LT expression
    (58) expression -> expression . GE expression
    (59) expression -> expression . LE expression
    (60) expression -> expression . AND expression
    (61) expression -> expression . OR expression
    (62) expression -> expression . PLUS expression
    (63) expression -> expression . MINUS expression
    (64) expression -> expression . STAR expression
    (65) expression -> expression . DIVIDE expression

    AS              reduce using rule 58 (expression -> expression GE expression .)
    EQUALS          reduce using rule 58 (expression -> expression GE expression .)
    NEQ             reduce using rule 58 (expression -> expression GE expression .)
    GT              reduce using rule 58 (expression -> expression GE expression .)
    LT              reduce using rule 58 (expression -> expression GE expression .)
    GE              reduce using rule 58 (expression -> expression GE expression .)
    LE              reduce using rule 58 (expression -> expression GE expression .)
    AND             reduce using rule 58 (expression -> expression GE expression .)
    OR              reduce using rule 58 (expression -> expression GE expression .)
    FROM            reduce using rule 58 (expression -> expression GE expression .)
    COMMA           reduce using rule 58 (expression -> expression GE expression .)
    RPAREN          reduce using rule 58 (expression -> expression GE expression .)
    SEMICOLON       reduce using rule 58 (expression -> expression GE expression .)
    $end            reduce using rule 58 (expression -> expression GE expression .)
    GROUP           reduce using rule 58 (expression -> expression GE expression .)
    ORDER           reduce using rule 58 (expression -> expression GE expression .)
    LIMIT           reduce using rule 58 (expression -> expression GE expression .)
    UNION           reduce using rule 58 (expression -> expression GE expression .)
    INTERSECT       reduce using rule 58 (expression -> expression GE expression .)
    EXCEPT          reduce using rule 58 (expression -> expression GE expression .)
    WHERE           reduce using rule 58 (expression -> expression GE expression .)
    CROSS           reduce using rule 58 (expression -> expression GE expression .)
    INNER           reduce using rule 58 (expression -> expression GE expression .)
    LEFT            reduce using rule 58 (expression -> expression GE expression .)
    RIGHT           reduce using rule 58 (expression -> expression GE expression .)
    FULL            reduce using rule 58 (expression -> expression GE expression .)
    JOIN            reduce using rule 58 (expression -> expression GE expression .)
    PLUS            shift and go to state 62
    MINUS           shift and go to state 63
    STAR            shift and go to state 64
    DIVIDE          shift and go to state 65

  ! PLUS            [ reduce using rule 58 (expression -> expression GE expression .) ]
  ! MINUS           [ reduce using rule 58 (expression -> expression GE expression .) ]
  ! STAR            [ reduce using rule 58 (expression -> expression GE expression .) ]
  ! DIVIDE          [ reduce using rule 58 (expression -> expression GE expression .) ]
  ! EQUALS          [ shift and go to state 54 ]
  ! NEQ             [ shift and go to state 55 ]
  ! GT              [ shift and go to state 56 ]
  ! LT              [ shift and go to state 57 ]
  ! GE              [ shift and go to state 58 ]
  ! LE              [ shift and go to state 59 ]
  ! AND             [ shift and go to state 60 ]
  ! OR              [ shift and go to state 61 ]


state 88

    (59) expression -> expression LE expression .
    (54) expression -> expression . EQUALS expression
    (55) expression -> expression . NEQ expression
    (56) expression -> expression . GT expression
    (57) expression -> expression . LT expression
    (58) expression -> expression . GE expression
    (59) expression -> expression . LE expression
    (60) expression -> expression . AND expression
    (61) expression -> expression . OR expression
    (62) expression -> expression . PLUS expression
    (63) expression -> expression . MINUS expression
    (64) expression -> expression . STAR expression
    (65) expression -> expression . DIVIDE expression

    AS              reduce using rule 59 (expression -> expression LE expression .)
    EQUALS          reduce using rule 59 (expression -> expression LE expression .)
    NEQ             reduce using rule 59 (expression -> expression LE expression .)
    GT              reduce using rule 59 (expression -> expression LE expression .)
    LT              reduce using rule 59 (expression -> expression LE expression .)
    GE              reduce using rule 59 (expression -> expression LE expression .)
    LE              reduce using rule 59 (expression -> expression LE expression .)
    AND             reduce using rule 59 (expression -> expression LE expression .)
    OR              reduce using rule 59 (expression -> expression LE expression .)
    FROM            reduce using rule 59 (expression -> expression LE expression .)
    COMMA           reduce using rule 59 (expression -> expression LE expression .)
    RPAREN          reduce using rule 59 (expression -> expression LE expression .)
    SEMICOLON       reduce using rule 59 (expression -> expression LE expression .)
    $end            reduce using rule 59 (expression -> expression LE expression .)
    GROUP           reduce using rule 59 (expression -> expression LE expression .)
    ORDER           reduce using rule 59 (expression -> expression LE expression .)
    LIMIT           reduce using rule 59 (expression -> expression LE expression .)
    UNION           reduce using rule 59 (expression -> expression LE expression .)
    INTERSECT       reduce using rule 59 (expression -> expression LE expression .)
    EXCEPT          reduce using rule 59 (expression -> expression LE expression .)
    WHERE           reduce using rule 59 (expression -> expression LE expression .)
    CROSS           reduce using rule 59 (expression -> expression LE expression .)
    INNER           reduce using rule 59 (expression -> expression LE expression .)
    LEFT            reduce using rule 59 (expression -> expression LE expression .)
    RIGHT           reduce using rule 59 (expression -> expression LE expression .)
    FULL            reduce using rule 59 (expression -> expression LE expression .)
    JOIN            reduce using rule 59 (expression -> expression LE expression .)
    PLUS            shift and go to state 62
    MINUS           shift and go to state 63
    STAR            shift and go to state 64
    DIVIDE          shift and go to state 65

  ! PLUS            [ reduce using rule 59 (expression -> expression LE expression .) ]
  ! MINUS           [ reduce using rule 59 (expression -> expression LE expression .) ]
  ! STAR            [ reduce using rule 59 (expression -> expression LE expression .) ]
  ! DIVIDE          [ reduce using rule 59 (expression -> expression LE expression .) ]
  ! EQUALS          [ shift and go to state 54 ]
  ! NEQ             [ shift and go to state 55 ]
  ! GT              [ shift and go to state 56 ]
  ! LT              [ shift and go to state 57 ]
  ! GE              [ shift and go to state 58 ]
  ! LE              [ shift and go to state 59 ]
  ! AND             [ shift and go to state 60 ]
  ! OR              [ shift and go to state 61 ]


state 89

    (60) expression -> expression AND expression .
    (54) expression -> expression . EQUALS expression
    (55) expression -> expression . NEQ expression
    (56) expression -> expression . GT expression
    (57) expression -> expression . LT expression
    (58) expression -> expression . GE expression
    (59) expression -> expression . LE expression
    (60) expression -> expression . AND expression
    (61) expression -> expression . OR expression
    (62) expression -> expression . PLUS expression
    (63) expression -> expression . MINUS expression
    (64) expression -> expression . STAR expression
    (65) expression -> expression . DIVIDE expression

    AS              reduce using rule 60 (expression -> expression AND expression .)
    AND             reduce using rule 60 (expression -> expression AND expression .)
    OR              reduce using rule 60 (expression -> expression AND expression .)
    FROM            reduce using rule 60 (expression -> expression AND expression .)
    COMMA           reduce using rule 60 (expression -> expression AND expression .)
    RPAREN          reduce using rule 60 (expression -> expression AND expression .)
    SEMICOLON       reduce using rule 60 (expression -> expression AND expression .)
    $end            reduce using rule 60 (expression -> expression AND expression .)
    GROUP           reduce using rule 60 (expression -> expression AND expression .)
    ORDER           reduce using rule 60 (expression -> expression AND expression .)
    LIMIT           reduce using rule 60 (expression -> expression AND expression .)
    UNION           reduce using rule 60 (expression -> expression AND expression .)
    INTERSECT       reduce using rule 60 (expression -> expression AND expression .)
    EXCEPT          reduce using rule 60 (expression -> expression AND expression .)
    WHERE           reduce using rule 60 (expression -> expression AND expression .)
    CROSS           reduce using rule 60 (expression -> expression AND expression .)
    INNER           reduce using rule 60 (expression -> expression AND expression .)
    LEFT            reduce using rule 60 (expression -> expression AND expression .)
    RIGHT           reduce using rule 60 (expression -> expression AND expression .)
    FULL            reduce using rule 60 (expression -> expression AND expression .)
    JOIN            reduce using rule 60 (expression -> expression AND expression .)
    EQUALS          shift and go to state 54
    NEQ             shift and go to state 55
    GT              shift and go to state 56
    LT              shift and go to state 57
    GE              shift and go to state 58
    LE              shift and go to state 59
    PLUS            shift and go to state 62
    MINUS           shift and go to state 63
    STAR            shift and go to state 64
    DIVIDE          shift and go to state 65

  ! EQUALS          [ reduce using rule 60 (expression -> expression AND expression .) ]
  ! NEQ             [ reduce using rule 60 (expression -> expression AND expression .) ]
  ! GT              [ reduce using rule 60 (expression -> expression AND expression .) ]
  ! LT              [ reduce using rule 60 (expression -> expression AND expression .) ]
  ! GE              [ reduce using rule 60 (expression -> expression AND expression .) ]
  ! LE              [ reduce using rule 60 (expression -> expression AND expression .) ]
  ! PLUS            [ reduce using rule 60 (expression -> expression AND expression .) ]
  ! MINUS           [ reduce using rule 60 (expression -> expression AND expression .) ]
  ! STAR            [ reduce using rule 60 (expression -> expression AND expression .) ]
  ! DIVIDE          [ reduce using rule 60 (expression -> expression AND expression .) ]
  ! AND             [ shift and go to state 60 ]
  ! OR              [ shift and go to state 61 ]


state 90

    (61) expression -> expression OR expression .
    (54) expression -> expression . EQUALS expression
    (55) expression -> expression . NEQ expression
    (56) expression -> expression . GT expression
    (57) expression -> expression . LT expression
    (58) expression -> expression . GE expression
    (59) expression -> expression . LE expression
    (60) expression -> expression . AND expression
    (61) expression -> expression . OR expression
    (62) expression -> expression . PLUS expression
    (63) expression -> expression . MINUS expression
    (64) expression -> expression . STAR expression
    (65) expression -> expression . DIVIDE expression

    AS              reduce using rule 61 (expression -> expression OR expression .)
    OR              reduce using rule 61 (expression -> expression OR expression .)
    FROM            reduce using rule 61 (expression -> expression OR expression .)
    COMMA           reduce using rule 61 (expression -> expression OR expression .)
    RPAREN          reduce using rule 61 (expression -> expression OR expression .)
    SEMICOLON       reduce using rule 61 (expression -> expression OR expression .)
    $end            reduce using rule 61 (expression -> expression OR expression .)
    GROUP           reduce using rule 61 (expression -> expression OR expression .)
    ORDER           reduce using rule 61 (expression -> expression OR expression .)
    LIMIT           reduce using rule 61 (expression -> expression OR expression .)
    UNION           reduce using rule 61 (expression -> expression OR expression .)
    INTERSECT       reduce using rule 61 (expression -> expression OR expression .)
    EXCEPT          reduce using rule 61 (expression -> expression OR expression .)
    WHERE           reduce using rule 61 (expression -> expression OR expression .)
    CROSS           reduce using rule 61 (expression -> expression OR expression .)
    INNER           reduce using rule 61 (expression -> expression OR expression .)
    LEFT            reduce using rule 61 (expression -> expression OR expression .)
    RIGHT           reduce using rule 61 (expression -> expression OR expression .)
    FULL            reduce using rule 61 (expression -> expression OR expression .)
    JOIN            reduce using rule 61 (expression -> expression OR expression .)
    EQUALS          shift and go to state 54
    NEQ             shift and go to state 55
    GT              shift and go to state 56
    LT              shift and go to state 57
    GE              shift and go to state 58
    LE              shift and go to state 59
    AND             shift and go to state 60
    PLUS            shift and go to state 62
    MINUS           shift and go to state 63
    STAR            shift and go to state 64
    DIVIDE          shift and go to state 65

  ! EQUALS          [ reduce using rule 61 (expression -> expression OR expression .) ]
  ! NEQ             [ reduce using rule 61 (expression -> expression OR expression .) ]
  ! GT              [ reduce using rule 61 (expression -> expression OR expression .) ]
  ! LT              [ reduce using rule 61 (expression -> expression OR expression .) ]
  ! GE              [ reduce using rule 61 (expression -> expression OR expression .) ]
  ! LE              [ reduce using rule 61 (expression -> expression OR expression .) ]
  ! AND             [ reduce using rule 61 (expression -> expression OR expression .) ]
  ! PLUS            [ reduce using rule 61 (expression -> expression OR expression .) ]
  ! MINUS           [ reduce using rule 61 (expression -> expression OR expression .) ]
  ! STAR            [ reduce using rule 61 (expression -> expression OR expression .) ]
  ! DIVIDE          [ reduce using rule 61 (expression -> expression OR expression .) ]
  ! OR              [ shift and go to state 61 ]


state 91

    (62) expression -> expression PLUS expression .
    (54) expression -> expression . EQUALS expression
    (55) expression -> expression . NEQ expression
    (56) expression -> expression . GT expression
    (57) expression -> expression . LT expression
    (58) expression -> expression . GE expression
    (59) expression -> expression . LE expression
    (60) expression -> expression . AND expression
    (61) expression -> expression . OR expression
    (62) expression -> expression . PLUS expression
    (63) expression -> expression . MINUS expression
    (64) expression -> expression . STAR expression
    (65) expression -> expression . DIVIDE expression

    AS              reduce using rule 62 (expression -> expression PLUS expression .)
    EQUALS          reduce using rule 62 (expression -> expression PLUS expression .)
    NEQ             reduce using rule 62 (expression -> expression PLUS expression .)
    GT              reduce using rule 62 (expression -> expression PLUS expression .)
    LT              reduce using rule 62 (expression -> expression PLUS expression .)
    GE              reduce using rule 62 (expression -> expression PLUS expression .)
    LE              reduce using rule 62 (expression -> expression PLUS expression .)
    AND             reduce using rule 62 (expression -> expression PLUS expression .)
    OR              reduce using rule 62 (expression -> expression PLUS expression .)
    PLUS            reduce using rule 62 (expression -> expression PLUS expression .)
    MINUS           reduce using rule 62 (expression -> expression PLUS expression .)
    FROM            reduce using rule 62 (expression -> expression PLUS expression .)
    COMMA           reduce using rule 62 (expression -> expression PLUS expression .)
    RPAREN          reduce using rule 62 (expression -> expression PLUS expression .)
    SEMICOLON       reduce using rule 62 (expression -> expression PLUS expression .)
    $end            reduce using rule 62 (expression -> expression PLUS expression .)
    GROUP           reduce using rule 62 (expression -> expression PLUS expression .)
    ORDER           reduce using rule 62 (expression -> expression PLUS expression .)
    LIMIT           reduce using rule 62 (expression -> expression PLUS expression .)
    UNION           reduce using rule 62 (expression -> expression PLUS expression .)
    INTERSECT       reduce using rule 62 (expression -> expression PLUS expression .)
    EXCEPT          reduce using rule 62 (expression -> expression PLUS expression .)
    WHERE           reduce using rule 62 (expression -> expression PLUS expression .)
    CROSS           reduce using rule 62 (expression -> expression PLUS expression .)
    INNER           reduce using rule 62 (expression -> expression PLUS expression .)
    LEFT            reduce using rule 62 (expression -> expression PLUS expression .)
    RIGHT           reduce using rule 62 (expression -> expression PLUS expression .)
    FULL            reduce using rule 62 (expression -> expression PLUS expression .)
    JOIN            reduce using rule 62 (expression -> expression PLUS expression .)
    STAR            shift and go to state 64
    DIVIDE          shift and go to state 65

  ! STAR            [ reduce using rule 62 (expression -> expression PLUS expression .) ]
  ! DIVIDE          [ reduce using rule 62 (expression -> expression PLUS expression .) ]
  ! EQUALS          [ shift and go to state 54 ]
  ! NEQ             [ shift and go to state 55 ]
  ! GT              [ shift and go to state 56 ]
  ! LT              [ shift and go to state 57 ]
  ! GE              [ shift and go to state 58 ]
  ! LE              [ shift and go to state 59 ]
  ! AND             [ shift and go to state 60 ]
  ! OR              [ shift and go to state 61 ]
  ! PLUS            [ shift and go to state 62 ]
  ! MINUS           [ shift and go to state 63 ]


state 92

    (63) expression -> expression MINUS expression .
    (54) expression -> expression . EQUALS expression
    (55) expression -> expression . NEQ expression
    (56) expression -> expression . GT expression
    (57) expression -> expression . LT expression
    (58) expression -> expression . GE expression
    (59) expression -> expression . LE expression
    (60) expression -> expression . AND expression
    (61) expression -> expression . OR expression
    (62) expression -> expression . PLUS expression
    (63) expression -> expression . MINUS expression
    (64) expression -> expression . STAR expression
    (65) expression -> expression . DIVIDE expression

    AS              reduce using rule 63 (expression -> expression MINUS expression .)
    EQUALS          reduce using rule 63 (expression -> expression MINUS expression .)
    NEQ             reduce using rule 63 (expression -> expression MINUS expression .)
    GT              reduce using rule 63 (expression -> expression MINUS expression .)
    LT              reduce using rule 63 (expression -> expression MINUS expression .)
    GE              reduce using rule 63 (expression -> expression MINUS expression .)
    LE              reduce using rule 63 (expression -> expression MINUS expression .)
    AND             reduce using rule 63 (expression -> expression MINUS expression .)
    OR              reduce using rule 63 (expression -> expression MINUS expression .)
    PLUS            reduce using rule 63 (expression -> expression MINUS expression .)
    MINUS           reduce using rule 63 (expression -> expression MINUS expression .)
    FROM            reduce using rule 63 (expression -> expression MINUS expression .)
    COMMA           reduce using rule 63 (expression -> expression MINUS expression .)
    RPAREN          reduce using rule 63 (expression -> expression MINUS expression .)
    SEMICOLON       reduce using rule 63 (expression -> expression MINUS expression .)
    $end            reduce using rule 63 (expression -> expression MINUS expression .)
    GROUP           reduce using rule 63 (expression -> expression MINUS expression .)
    ORDER           reduce using rule 63 (expression -> expression MINUS expression .)
    LIMIT           reduce using rule 63 (expression -> expression MINUS expression .)
    UNION           reduce using rule 63 (expression -> expression MINUS expression .)
    INTERSECT       reduce using rule 63 (expression -> expression MINUS expression .)
    EXCEPT          reduce using rule 63 (expression -> expression MINUS expression .)
    WHERE           reduce using rule 63 (expression -> expression MINUS expression .)
    CROSS           reduce using rule 63 (expression -> expression MINUS expression .)
    INNER           reduce using rule 63 (expression -> expression MINUS expression .)
    LEFT            reduce using rule 63 (expression -> expression MINUS expression .)
    RIGHT           reduce using rule 63 (expression -> expression MINUS expression .)
    FULL            reduce using rule 63 (expression -> expression MINUS expression .)
    JOIN            reduce using rule 63 (expression -> expression MINUS expression .)
    STAR            shift and go to state 64
    DIVIDE          shift and go to state 65

  ! STAR            [ reduce using rule 63 (expression -> expression MINUS expression .) ]
  ! DIVIDE          [ reduce using rule 63 (expression -> expression MINUS expression .) ]
  ! EQUALS          [ shift and go to state 54 ]
  ! NEQ             [ shift and go to state 55 ]
  ! GT              [ shift and go to state 56 ]
  ! LT              [ shift and go to state 57 ]
  ! GE              [ shift and go to state 58 ]
  ! LE              [ shift and go to state 59 ]
  ! AND             [ shift and go to state 60 ]
  ! OR              [ shift and go to state 61 ]
  ! PLUS            [ shift and go to state 62 ]
  ! MINUS           [ shift and go to state 63 ]


state 93

    (64) expression -> expression STAR expression .
    (54) expression -> expression . EQUALS expression
    (55) expression -> expression . NEQ expression
    (56) expression -> expression . GT expression
    (57) expression -> expression . LT expression
    (58) expression -> expression . GE expression
    (59) expression -> expression . LE expression
    (60) expression -> expression . AND expression
    (61) expression -> expression . OR expression
    (62) expression -> expression . PLUS expression
    (63) expression -> expression . MINUS expression
    (64) expression -> expression . STAR expression
    (65) expression -> expression . DIVIDE expression

    AS              reduce using rule 64 (expression -> expression STAR expression .)
    EQUALS          reduce using rule 64 (expression -> expression STAR expression .)
    NEQ             reduce using rule 64 (expression -> expression STAR expression .)
    GT              reduce using rule 64 (expression -> expression STAR expression .)
    LT              reduce using rule 64 (expression -> expression STAR expression .)
    GE              reduce using rule 64 (expression -> expression STAR expression .)
    LE              reduce using rule 64 (expression -> expression STAR expression .)
    AND             reduce using rule 64 (expression -> expression STAR expression .)
    OR              reduce using rule 64 (expression -> expression STAR expression .)
    PLUS            reduce using rule 64 (expression -> expression STAR expression .)
    MINUS           reduce using rule 64 (expression -> expression STAR expression .)
    STAR            reduce using rule 64 (expression -> expression STAR expression .)
    DIVIDE          reduce using rule 64 (expression -> expression STAR expression .)
    FROM            reduce using rule 64 (expression -> expression STAR expression .)
    COMMA           reduce using rule 64 (expression -> expression STAR expression .)
    RPAREN          reduce using rule 64 (expression -> expression STAR expression .)
    SEMICOLON       reduce using rule 64 (expression -> expression STAR expression .)
    $end            reduce using rule 64 (expression -> expression STAR expression .)
    GROUP           reduce using rule 64 (expression -> expression STAR expression .)
    ORDER           reduce using rule 64 (expression -> expression STAR expression .)
    LIMIT           reduce using rule 64 (expression -> expression STAR expression .)
    UNION           reduce using rule 64 (expression -> expression STAR expression .)
    INTERSECT       reduce using rule 64 (expression -> expression STAR expression .)
    EXCEPT          reduce using rule 64 (expression -> expression STAR expression .)
    WHERE           reduce using rule 64 (expression -> expression STAR expression .)
    CROSS           reduce using rule 64 (expression -> expression STAR expression .)
    INNER           reduce using rule 64 (expression -> expression STAR expression .)
    LEFT            reduce using rule 64 (expression -> expression STAR expression .)
    RIGHT           reduce using rule 64 (expression -> expression STAR expression .)
    FULL            reduce using rule 64 (expression -> expression STAR expression .)
    JOIN            reduce using rule 64 (expression -> expression STAR expression .)

  ! EQUALS          [ shift and go to state 54 ]
  ! NEQ             [ shift and go to state 55 ]
  ! GT              [ shift and go to state 56 ]
  ! LT              [ shift and go to state 57 ]
  ! GE              [ shift and go to state 58 ]
  ! LE              [ shift and go to state 59 ]
  ! AND             [ shift and go to state 60 ]
  ! OR              [ shift and go to state 61 ]
  ! PLUS            [ shift and go to state 62 ]
  ! MINUS           [ shift and go to state 63 ]
  ! STAR            [ shift and go to state 64 ]
  ! DIVIDE          [ shift and go to state 65 ]


state 94

    (65) expression -> expression DIVIDE expression .
    (54) expression -> expression . EQUALS expression
    (55) expression -> expression . NEQ expression
    (56) expression -> expression . GT expression
    (57) expression -> expression . LT expression
    (58) expression -> expression . GE expression
    (59) expression -> expression . LE expression
    (60) expression -> expression . AND expression
    (61) expression -> expression . OR expression
    (62) expression -> expression . PLUS expression
    (63) expression -> expression . MINUS expression
    (64) expression -> expression . STAR expression
    (65) expression -> expression . DIVIDE expression

    AS              reduce using rule 65 (expression -> expression DIVIDE expression .)
    EQUALS          reduce using rule 65 (expression -> expression DIVIDE expression .)
    NEQ             reduce using rule 65 (expression -> expression DIVIDE expression .)
    GT              reduce using rule 65 (expression -> expression DIVIDE expression .)
    LT              reduce using rule 65 (expression -> expression DIVIDE expression .)
    GE              reduce using rule 65 (expression -> expression DIVIDE expression .)
    LE              reduce using rule 65 (expression -> expression DIVIDE expression .)
    AND             reduce using rule 65 (expression -> expression DIVIDE expression .)
    OR              reduce using rule 65 (expression -> expression DIVIDE expression .)
    PLUS            reduce using rule 65 (expression -> expression DIVIDE expression .)
    MINUS           reduce using rule 65 (expression -> expression DIVIDE expression .)
    STAR            reduce using rule 65 (expression -> expression DIVIDE expression .)
    DIVIDE          reduce using rule 65 (expression -> expression DIVIDE expression .)
    FROM            reduce using rule 65 (expression -> expression DIVIDE expression .)
    COMMA           reduce using rule 65 (expression -> expression DIVIDE expression .)
    RPAREN          reduce using rule 65 (expression -> expression DIVIDE expression .)
    SEMICOLON       reduce using rule 65 (expression -> expression DIVIDE expression .)
    $end            reduce using rule 65 (expression -> expression DIVIDE expression .)
    GROUP           reduce using rule 65 (expression -> expression DIVIDE expression .)
    ORDER           reduce using rule 65 (expression -> expression DIVIDE expression .)
    LIMIT           reduce using rule 65 (expression -> expression DIVIDE expression .)
    UNION           reduce using rule 65 (expression -> expression DIVIDE expression .)
    INTERSECT       reduce using rule 65 (expression -> expression DIVIDE expression .)
    EXCEPT          reduce using rule 65 (expression -> expression DIVIDE expression .)
    WHERE           reduce using rule 65 (expression -> expression DIVIDE expression .)
    CROSS           reduce using rule 65 (expression -> expression DIVIDE expression .)
    INNER           reduce using rule 65 (expression -> expression DIVIDE expression .)
    LEFT            reduce using rule 65 (expression -> expression DIVIDE expression .)
    RIGHT           reduce using rule 65 (expression -> expression DIVIDE expression .)
    FULL            reduce using rule 65 (expression -> expression DIVIDE expression .)
    JOIN            reduce using rule 65 (expression -> expression DIVIDE expression .)

  ! EQUALS          [ shift and go to state 54 ]
  ! NEQ             [ shift and go to state 55 ]
  ! GT              [ shift and go to state 56 ]
  ! LT              [ shift and go to state 57 ]
  ! GE              [ shift and go to state 58 ]
  ! LE              [ shift and go to state 59 ]
  ! AND             [ shift and go to state 60 ]
  ! OR              [ shift and go to state 61 ]
  ! PLUS            [ shift and go to state 62 ]
  ! MINUS           [ shift and go to state 63 ]
  ! STAR            [ shift and go to state 64 ]
  ! DIVIDE          [ shift and go to state 65 ]


state 95

    (74) qualified_id -> IDENTIFIER DOT IDENTIFIER .

    AS              reduce using rule 74 (qualified_id -> IDENTIFIER DOT IDENTIFIER .)
    EQUALS          reduce using rule 74 (qualified_id -> IDENTIFIER DOT IDENTIFIER .)
    NEQ             reduce using rule 74 (qualified_id -> IDENTIFIER DOT IDENTIFIER .)
    GT              reduce using rule 74 (qualified_id -> IDENTIFIER DOT IDENTIFIER .)
    LT              reduce using rule 74 (qualified_id -> IDENTIFIER DOT IDENTIFIER .)
    GE              reduce using rule 74 (qualified_id -> IDENTIFIER DOT IDENTIFIER .)
    LE              reduce using rule 74 (qualified_id -> IDENTIFIER DOT IDENTIFIER .)
    AND             reduce using rule 74 (qualified_id -> IDENTIFIER DOT IDENTIFIER .)
    OR              reduce using rule 74 (qualified_id -> IDENTIFIER DOT IDENTIFIER .)
    PLUS            reduce using rule 74 (qualified_id -> IDENTIFIER DOT IDENTIFIER .)
    MINUS           reduce using rule 74 (qualified_id -> IDENTIFIER DOT IDENTIFIER .)
    STAR            reduce using rule 74 (qualified_id -> IDENTIFIER DOT IDENTIFIER .)
    DIVIDE          reduce using rule 74 (qualified_id -> IDENTIFIER DOT IDENTIFIER .)
    FROM            reduce using rule 74 (qualified_id -> IDENTIFIER DOT IDENTIFIER .)
    COMMA           reduce using rule 74 (qualified_id -> IDENTIFIER DOT IDENTIFIER .)
    RPAREN          reduce using rule 74 (qualified_id -> IDENTIFIER DOT IDENTIFIER .)
    SEMICOLON       reduce using rule 74 (qualified_id -> IDENTIFIER DOT IDENTIFIER .)
    $end            reduce using rule 74 (qualified_id -> IDENTIFIER DOT IDENTIFIER .)
    GROUP           reduce using rule 74 (qualified_id -> IDENTIFIER DOT IDENTIFIER .)
    ORDER           reduce using rule 74 (qualified_id -> IDENTIFIER DOT IDENTIFIER .)
    LIMIT           reduce using rule 74 (qualified_id -> IDENTIFIER DOT IDENTIFIER .)
    UNION           reduce using rule 74 (qualified_id -> IDENTIFIER DOT IDENTIFIER .)
    INTERSECT       reduce using rule 74 (qualified_id -> IDENTIFIER DOT IDENTIFIER .)
    EXCEPT          reduce using rule 74 (qualified_id -> IDENTIFIER DOT IDENTIFIER .)
    WHERE           reduce using rule 74 (qualified_id -> IDENTIFIER DOT IDENTIFIER .)
    CROSS           reduce using rule 74 (qualified_id -> IDENTIFIER DOT IDENTIFIER .)
    INNER           reduce using rule 74 (qualified_id -> IDENTIFIER DOT IDENTIFIER .)
    LEFT            reduce using rule 74 (qualified_id -> IDENTIFIER DOT IDENTIFIER .)
    RIGHT           reduce using rule 74 (qualified_id -> IDENTIFIER DOT IDENTIFIER .)
    FULL            reduce using rule 74 (qualified_id -> IDENTIFIER DOT IDENTIFIER .)
    JOIN            reduce using rule 74 (qualified_id -> IDENTIFIER DOT IDENTIFIER .)
    HAVING          reduce using rule 74 (qualified_id -> IDENTIFIER DOT IDENTIFIER .)


state 96

    (73) expression -> LPAREN expression RPAREN .

    AS              reduce using rule 73 (expression -> LPAREN expression RPAREN .)
    EQUALS          reduce using rule 73 (expression -> LPAREN expression RPAREN .)
    NEQ             reduce using rule 73 (expression -> LPAREN expression RPAREN .)
    GT              reduce using rule 73 (expression -> LPAREN expression RPAREN .)
    LT              reduce using rule 73 (expression -> LPAREN expression RPAREN .)
    GE              reduce using rule 73 (expression -> LPAREN expression RPAREN .)
    LE              reduce using rule 73 (expression -> LPAREN expression RPAREN .)
    AND             reduce using rule 73 (expression -> LPAREN expression RPAREN .)
    OR              reduce using rule 73 (expression -> LPAREN expression RPAREN .)
    PLUS            reduce using rule 73 (expression -> LPAREN expression RPAREN .)
    MINUS           reduce using rule 73 (expression -> LPAREN expression RPAREN .)
    STAR            reduce using rule 73 (expression -> LPAREN expression RPAREN .)
    DIVIDE          reduce using rule 73 (expression -> LPAREN expression RPAREN .)
    FROM            reduce using rule 73 (expression -> LPAREN expression RPAREN .)
    COMMA           reduce using rule 73 (expression -> LPAREN expression RPAREN .)
    RPAREN          reduce using rule 73 (expression -> LPAREN expression RPAREN .)
    SEMICOLON       reduce using rule 73 (expression -> LPAREN expression RPAREN .)
    $end            reduce using rule 73 (expression -> LPAREN expression RPAREN .)
    GROUP           reduce using rule 73 (expression -> LPAREN expression RPAREN .)
    ORDER           reduce using rule 73 (expression -> LPAREN expression RPAREN .)
    LIMIT           reduce using rule 73 (expression -> LPAREN expression RPAREN .)
    UNION           reduce using rule 73 (expression -> LPAREN expression RPAREN .)
    INTERSECT       reduce using rule 73 (expression -> LPAREN expression RPAREN .)
    EXCEPT          reduce using rule 73 (expression -> LPAREN expression RPAREN .)
    WHERE           reduce using rule 73 (expression -> LPAREN expression RPAREN .)
    CROSS           reduce using rule 73 (expression -> LPAREN expression RPAREN .)
    INNER           reduce using rule 73 (expression -> LPAREN expression RPAREN .)
    LEFT            reduce using rule 73 (expression -> LPAREN expression RPAREN .)
    RIGHT           reduce using rule 73 (expression -> LPAREN expression RPAREN .)
    FULL            reduce using rule 73 (expression -> LPAREN expression RPAREN .)
    JOIN            reduce using rule 73 (expression -> LPAREN expression RPAREN .)


state 97

    (36) aggregate_func -> SUM LPAREN qualified_id . RPAREN

    RPAREN          shift and go to state 121


state 98

    (37) aggregate_func -> COUNT LPAREN qualified_id . RPAREN

    RPAREN          shift and go to state 122


state 99

    (38) aggregate_func -> AVG LPAREN qualified_id . RPAREN

    RPAREN          shift and go to state 123


state 100

    (39) aggregate_func -> MIN LPAREN qualified_id . RPAREN

    RPAREN          shift and go to state 124


state 101

    (40) aggregate_func -> MAX LPAREN qualified_id . RPAREN

    RPAREN          shift and go to state 125


state 102

    (83) insert_stmt -> INSERT INTO IDENTIFIER VALUES . tuple_list
    (84) tuple_list -> . LPAREN value_list RPAREN
    (85) tuple_list -> . tuple_list COMMA LPAREN value_list RPAREN

    LPAREN          shift and go to state 127

    tuple_list                     shift and go to state 126

state 103

    (92) assignment -> IDENTIFIER . EQUALS expression

    EQUALS          shift and go to state 128


state 104

    (89) update_stmt -> UPDATE IDENTIFIER SET assignment_list . opt_where
    (91) assignment_list -> assignment_list . COMMA assignment
    (52) opt_where -> . WHERE expression
    (53) opt_where -> . empty
    (96) empty -> .

    COMMA           shift and go to state 130
    WHERE           shift and go to state 107
    SEMICOLON       reduce using rule 96 (empty -> .)
    $end            reduce using rule 96 (empty -> .)

    opt_where                      shift and go to state 129
    empty                          shift and go to state 108

state 105

    (90) assignment_list -> assignment .

    COMMA           reduce using rule 90 (assignment_list -> assignment .)
    WHERE           reduce using rule 90 (assignment_list -> assignment .)
    SEMICOLON       reduce using rule 90 (assignment_list -> assignment .)
    $end            reduce using rule 90 (assignment_list -> assignment .)


state 106

    (88) delete_stmt -> DELETE FROM IDENTIFIER opt_where .

    SEMICOLON       reduce using rule 88 (delete_stmt -> DELETE FROM IDENTIFIER opt_where .)
    $end            reduce using rule 88 (delete_stmt -> DELETE FROM IDENTIFIER opt_where .)


state 107

    (52) opt_where -> WHERE . expression
    (54) expression -> . expression EQUALS expression
    (55) expression -> . expression NEQ expression
    (56) expression -> . expression GT expression
    (57) expression -> . expression LT expression
    (58) expression -> . expression GE expression
    (59) expression -> . expression LE expression
    (60) expression -> . expression AND expression
    (61) expression -> . expression OR expression
    (62) expression -> . expression PLUS expression
    (63) expression -> . expression MINUS expression
    (64) expression -> . expression STAR expression
    (65) expression -> . expression DIVIDE expression
    (66) expression -> . qualified_id
    (67) expression -> . aggregate_func
    (68) expression -> . NUMBER
    (69) expression -> . STRING
    (70) expression -> . TRUE
    (71) expression -> . FALSE
    (72) expression -> . NULL
    (73) expression -> . LPAREN expression RPAREN
    (74) qualified_id -> . IDENTIFIER DOT IDENTIFIER
    (75) qualified_id -> . IDENTIFIER
    (36) aggregate_func -> . SUM LPAREN qualified_id RPAREN
    (37) aggregate_func -> . COUNT LPAREN qualified_id RPAREN
    (38) aggregate_func -> . AVG LPAREN qualified_id RPAREN
    (39) aggregate_func -> . MIN LPAREN qualified_id RPAREN
    (40) aggregate_func -> . MAX LPAREN qualified_id RPAREN

    NUMBER          shift and go to state 31
    STRING          shift and go to state 32
    TRUE            shift and go to state 33
    FALSE           shift and go to state 34
    NULL            shift and go to state 35
    LPAREN          shift and go to state 36
    IDENTIFIER      shift and go to state 28
    SUM             shift and go to state 37
    COUNT           shift and go to state 38
    AVG             shift and go to state 39
    MIN             shift and go to state 40
    MAX             shift and go to state 41

    expression                     shift and go to state 131
    qualified_id                   shift and go to state 29
    aggregate_func                 shift and go to state 30

state 108

    (53) opt_where -> empty .

    SEMICOLON       reduce using rule 53 (opt_where -> empty .)
    $end            reduce using rule 53 (opt_where -> empty .)
    GROUP           reduce using rule 53 (opt_where -> empty .)
    ORDER           reduce using rule 53 (opt_where -> empty .)
    LIMIT           reduce using rule 53 (opt_where -> empty .)
    UNION           reduce using rule 53 (opt_where -> empty .)
    INTERSECT       reduce using rule 53 (opt_where -> empty .)
    EXCEPT          reduce using rule 53 (opt_where -> empty .)
    RPAREN          reduce using rule 53 (opt_where -> empty .)


state 109

    (76) create_stmt -> CREATE TABLE IDENTIFIER LPAREN . column_defs RPAREN
    (77) column_defs -> . column_def
    (78) column_defs -> . column_defs COMMA column_def
    (79) column_def -> . IDENTIFIER data_type

    IDENTIFIER      shift and go to state 132

    column_defs                    shift and go to state 133
    column_def                     shift and go to state 134

state 110

    (11) select_statement -> SELECT projections FROM from_clause opt_joins . opt_where opt_groupby opt_orderby opt_limit
    (52) opt_where -> . WHERE expression
    (53) opt_where -> . empty
    (96) empty -> .

    WHERE           shift and go to state 107
    GROUP           reduce using rule 96 (empty -> .)
    ORDER           reduce using rule 96 (empty -> .)
    LIMIT           reduce using rule 96 (empty -> .)
    UNION           reduce using rule 96 (empty -> .)
    INTERSECT       reduce using rule 96 (empty -> .)
    EXCEPT          reduce using rule 96 (empty -> .)
    SEMICOLON       reduce using rule 96 (empty -> .)
    $end            reduce using rule 96 (empty -> .)
    RPAREN          reduce using rule 96 (empty -> .)

    opt_where                      shift and go to state 135
    empty                          shift and go to state 108

state 111

    (41) opt_joins -> join_list .
    (44) join_list -> join_list . join_item
    (45) join_item -> . join_type JOIN IDENTIFIER ON expression
    (46) join_item -> . CROSS JOIN IDENTIFIER
    (47) join_type -> . INNER
    (48) join_type -> . LEFT
    (49) join_type -> . RIGHT
    (50) join_type -> . FULL
    (51) join_type -> . empty
    (96) empty -> .

    WHERE           reduce using rule 41 (opt_joins -> join_list .)
    GROUP           reduce using rule 41 (opt_joins -> join_list .)
    ORDER           reduce using rule 41 (opt_joins -> join_list .)
    LIMIT           reduce using rule 41 (opt_joins -> join_list .)
    UNION           reduce using rule 41 (opt_joins -> join_list .)
    INTERSECT       reduce using rule 41 (opt_joins -> join_list .)
    EXCEPT          reduce using rule 41 (opt_joins -> join_list .)
    SEMICOLON       reduce using rule 41 (opt_joins -> join_list .)
    $end            reduce using rule 41 (opt_joins -> join_list .)
    RPAREN          reduce using rule 41 (opt_joins -> join_list .)
    CROSS           shift and go to state 115
    INNER           shift and go to state 116
    LEFT            shift and go to state 117
    RIGHT           shift and go to state 118
    FULL            shift and go to state 119
    JOIN            reduce using rule 96 (empty -> .)

    join_item                      shift and go to state 136
    join_type                      shift and go to state 114
    empty                          shift and go to state 137

state 112

    (42) opt_joins -> empty .
    (51) join_type -> empty .

    WHERE           reduce using rule 42 (opt_joins -> empty .)
    GROUP           reduce using rule 42 (opt_joins -> empty .)
    ORDER           reduce using rule 42 (opt_joins -> empty .)
    LIMIT           reduce using rule 42 (opt_joins -> empty .)
    UNION           reduce using rule 42 (opt_joins -> empty .)
    INTERSECT       reduce using rule 42 (opt_joins -> empty .)
    EXCEPT          reduce using rule 42 (opt_joins -> empty .)
    SEMICOLON       reduce using rule 42 (opt_joins -> empty .)
    $end            reduce using rule 42 (opt_joins -> empty .)
    RPAREN          reduce using rule 42 (opt_joins -> empty .)
    JOIN            reduce using rule 51 (join_type -> empty .)


state 113

    (43) join_list -> join_item .

    CROSS           reduce using rule 43 (join_list -> join_item .)
    INNER           reduce using rule 43 (join_list -> join_item .)
    LEFT            reduce using rule 43 (join_list -> join_item .)
    RIGHT           reduce using rule 43 (join_list -> join_item .)
    FULL            reduce using rule 43 (join_list -> join_item .)
    JOIN            reduce using rule 43 (join_list -> join_item .)
    WHERE           reduce using rule 43 (join_list -> join_item .)
    GROUP           reduce using rule 43 (join_list -> join_item .)
    ORDER           reduce using rule 43 (join_list -> join_item .)
    LIMIT           reduce using rule 43 (join_list -> join_item .)
    UNION           reduce using rule 43 (join_list -> join_item .)
    INTERSECT       reduce using rule 43 (join_list -> join_item .)
    EXCEPT          reduce using rule 43 (join_list -> join_item .)
    SEMICOLON       reduce using rule 43 (join_list -> join_item .)
    $end            reduce using rule 43 (join_list -> join_item .)
    RPAREN          reduce using rule 43 (join_list -> join_item .)


state 114

    (45) join_item -> join_type . JOIN IDENTIFIER ON expression

    JOIN            shift and go to state 138


state 115

    (46) join_item -> CROSS . JOIN IDENTIFIER

    JOIN            shift and go to state 139


state 116

    (47) join_type -> INNER .

    JOIN            reduce using rule 47 (join_type -> INNER .)


state 117

    (48) join_type -> LEFT .

    JOIN            reduce using rule 48 (join_type -> LEFT .)


state 118

    (49) join_type -> RIGHT .

    JOIN            reduce using rule 49 (join_type -> RIGHT .)


state 119

    (50) join_type -> FULL .

    JOIN            reduce using rule 50 (join_type -> FULL .)


state 120

    (13) from_clause -> LPAREN select_statement . RPAREN
    (14) from_clause -> LPAREN select_statement . RPAREN AS IDENTIFIER

    RPAREN          shift and go to state 140


state 121

    (36) aggregate_func -> SUM LPAREN qualified_id RPAREN .

    AS              reduce using rule 36 (aggregate_func -> SUM LPAREN qualified_id RPAREN .)
    EQUALS          reduce using rule 36 (aggregate_func -> SUM LPAREN qualified_id RPAREN .)
    NEQ             reduce using rule 36 (aggregate_func -> SUM LPAREN qualified_id RPAREN .)
    GT              reduce using rule 36 (aggregate_func -> SUM LPAREN qualified_id RPAREN .)
    LT              reduce using rule 36 (aggregate_func -> SUM LPAREN qualified_id RPAREN .)
    GE              reduce using rule 36 (aggregate_func -> SUM LPAREN qualified_id RPAREN .)
    LE              reduce using rule 36 (aggregate_func -> SUM LPAREN qualified_id RPAREN .)
    AND             reduce using rule 36 (aggregate_func -> SUM LPAREN qualified_id RPAREN .)
    OR              reduce using rule 36 (aggregate_func -> SUM LPAREN qualified_id RPAREN .)
    PLUS            reduce using rule 36 (aggregate_func -> SUM LPAREN qualified_id RPAREN .)
    MINUS           reduce using rule 36 (aggregate_func -> SUM LPAREN qualified_id RPAREN .)
    STAR            reduce using rule 36 (aggregate_func -> SUM LPAREN qualified_id RPAREN .)
    DIVIDE          reduce using rule 36 (aggregate_func -> SUM LPAREN qualified_id RPAREN .)
    FROM            reduce using rule 36 (aggregate_func -> SUM LPAREN qualified_id RPAREN .)
    COMMA           reduce using rule 36 (aggregate_func -> SUM LPAREN qualified_id RPAREN .)
    RPAREN          reduce using rule 36 (aggregate_func -> SUM LPAREN qualified_id RPAREN .)
    SEMICOLON       reduce using rule 36 (aggregate_func -> SUM LPAREN qualified_id RPAREN .)
    $end            reduce using rule 36 (aggregate_func -> SUM LPAREN qualified_id RPAREN .)
    GROUP           reduce using rule 36 (aggregate_func -> SUM LPAREN qualified_id RPAREN .)
    ORDER           reduce using rule 36 (aggregate_func -> SUM LPAREN qualified_id RPAREN .)
    LIMIT           reduce using rule 36 (aggregate_func -> SUM LPAREN qualified_id RPAREN .)
    UNION           reduce using rule 36 (aggregate_func -> SUM LPAREN qualified_id RPAREN .)
    INTERSECT       reduce using rule 36 (aggregate_func -> SUM LPAREN qualified_id RPAREN .)
    EXCEPT          reduce using rule 36 (aggregate_func -> SUM LPAREN qualified_id RPAREN .)
    WHERE           reduce using rule 36 (aggregate_func -> SUM LPAREN qualified_id RPAREN .)
    CROSS           reduce using rule 36 (aggregate_func -> SUM LPAREN qualified_id RPAREN .)
    INNER           reduce using rule 36 (aggregate_func -> SUM LPAREN qualified_id RPAREN .)
    LEFT            reduce using rule 36 (aggregate_func -> SUM LPAREN qualified_id RPAREN .)
    RIGHT           reduce using rule 36 (aggregate_func -> SUM LPAREN qualified_id RPAREN .)
    FULL            reduce using rule 36 (aggregate_func -> SUM LPAREN qualified_id RPAREN .)
    JOIN            reduce using rule 36 (aggregate_func -> SUM LPAREN qualified_id RPAREN .)


state 122

    (37) aggregate_func -> COUNT LPAREN qualified_id RPAREN .

    AS              reduce using rule 37 (aggregate_func -> COUNT LPAREN qualified_id RPAREN .)
    EQUALS          reduce using rule 37 (aggregate_func -> COUNT LPAREN qualified_id RPAREN .)
    NEQ             reduce using rule 37 (aggregate_func -> COUNT LPAREN qualified_id RPAREN .)
    GT              reduce using rule 37 (aggregate_func -> COUNT LPAREN qualified_id RPAREN .)
    LT              reduce using rule 37 (aggregate_func -> COUNT LPAREN qualified_id RPAREN .)
    GE              reduce using rule 37 (aggregate_func -> COUNT LPAREN qualified_id RPAREN .)
    LE              reduce using rule 37 (aggregate_func -> COUNT LPAREN qualified_id RPAREN .)
    AND             reduce using rule 37 (aggregate_func -> COUNT LPAREN qualified_id RPAREN .)
    OR              reduce using rule 37 (aggregate_func -> COUNT LPAREN qualified_id RPAREN .)
    PLUS            reduce using rule 37 (aggregate_func -> COUNT LPAREN qualified_id RPAREN .)
    MINUS           reduce using rule 37 (aggregate_func -> COUNT LPAREN qualified_id RPAREN .)
    STAR            reduce using rule 37 (aggregate_func -> COUNT LPAREN qualified_id RPAREN .)
    DIVIDE          reduce using rule 37 (aggregate_func -> COUNT LPAREN qualified_id RPAREN .)
    FROM            reduce using rule 37 (aggregate_func -> COUNT LPAREN qualified_id RPAREN .)
    COMMA           reduce using rule 37 (aggregate_func -> COUNT LPAREN qualified_id RPAREN .)
    RPAREN          reduce using rule 37 (aggregate_func -> COUNT LPAREN qualified_id RPAREN .)
    SEMICOLON       reduce using rule 37 (aggregate_func -> COUNT LPAREN qualified_id RPAREN .)
    $end            reduce using rule 37 (aggregate_func -> COUNT LPAREN qualified_id RPAREN .)
    GROUP           reduce using rule 37 (aggregate_func -> COUNT LPAREN qualified_id RPAREN .)
    ORDER           reduce using rule 37 (aggregate_func -> COUNT LPAREN qualified_id RPAREN .)
    LIMIT           reduce using rule 37 (aggregate_func -> COUNT LPAREN qualified_id RPAREN .)
    UNION           reduce using rule 37 (aggregate_func -> COUNT LPAREN qualified_id RPAREN .)
    INTERSECT       reduce using rule 37 (aggregate_func -> COUNT LPAREN qualified_id RPAREN .)
    EXCEPT          reduce using rule 37 (aggregate_func -> COUNT LPAREN qualified_id RPAREN .)
    WHERE           reduce using rule 37 (aggregate_func -> COUNT LPAREN qualified_id RPAREN .)
    CROSS           reduce using rule 37 (aggregate_func -> COUNT LPAREN qualified_id RPAREN .)
    INNER           reduce using rule 37 (aggregate_func -> COUNT LPAREN qualified_id RPAREN .)
    LEFT            reduce using rule 37 (aggregate_func -> COUNT LPAREN qualified_id RPAREN .)
    RIGHT           reduce using rule 37 (aggregate_func -> COUNT LPAREN qualified_id RPAREN .)
    FULL            reduce using rule 37 (aggregate_func -> COUNT LPAREN qualified_id RPAREN .)
    JOIN            reduce using rule 37 (aggregate_func -> COUNT LPAREN qualified_id RPAREN .)


state 123

    (38) aggregate_func -> AVG LPAREN qualified_id RPAREN .

    AS              reduce using rule 38 (aggregate_func -> AVG LPAREN qualified_id RPAREN .)
    EQUALS          reduce using rule 38 (aggregate_func -> AVG LPAREN qualified_id RPAREN .)
    NEQ             reduce using rule 38 (aggregate_func -> AVG LPAREN qualified_id RPAREN .)
    GT              reduce using rule 38 (aggregate_func -> AVG LPAREN qualified_id RPAREN .)
    LT              reduce using rule 38 (aggregate_func -> AVG LPAREN qualified_id RPAREN .)
    GE              reduce using rule 38 (aggregate_func -> AVG LPAREN qualified_id RPAREN .)
    LE              reduce using rule 38 (aggregate_func -> AVG LPAREN qualified_id RPAREN .)
    AND             reduce using rule 38 (aggregate_func -> AVG LPAREN qualified_id RPAREN .)
    OR              reduce using rule 38 (aggregate_func -> AVG LPAREN qualified_id RPAREN .)
    PLUS            reduce using rule 38 (aggregate_func -> AVG LPAREN qualified_id RPAREN .)
    MINUS           reduce using rule 38 (aggregate_func -> AVG LPAREN qualified_id RPAREN .)
    STAR            reduce using rule 38 (aggregate_func -> AVG LPAREN qualified_id RPAREN .)
    DIVIDE          reduce using rule 38 (aggregate_func -> AVG LPAREN qualified_id RPAREN .)
    FROM            reduce using rule 38 (aggregate_func -> AVG LPAREN qualified_id RPAREN .)
    COMMA           reduce using rule 38 (aggregate_func -> AVG LPAREN qualified_id RPAREN .)
    RPAREN          reduce using rule 38 (aggregate_func -> AVG LPAREN qualified_id RPAREN .)
    SEMICOLON       reduce using rule 38 (aggregate_func -> AVG LPAREN qualified_id RPAREN .)
    $end            reduce using rule 38 (aggregate_func -> AVG LPAREN qualified_id RPAREN .)
    GROUP           reduce using rule 38 (aggregate_func -> AVG LPAREN qualified_id RPAREN .)
    ORDER           reduce using rule 38 (aggregate_func -> AVG LPAREN qualified_id RPAREN .)
    LIMIT           reduce using rule 38 (aggregate_func -> AVG LPAREN qualified_id RPAREN .)
    UNION           reduce using rule 38 (aggregate_func -> AVG LPAREN qualified_id RPAREN .)
    INTERSECT       reduce using rule 38 (aggregate_func -> AVG LPAREN qualified_id RPAREN .)
    EXCEPT          reduce using rule 38 (aggregate_func -> AVG LPAREN qualified_id RPAREN .)
    WHERE           reduce using rule 38 (aggregate_func -> AVG LPAREN qualified_id RPAREN .)
    CROSS           reduce using rule 38 (aggregate_func -> AVG LPAREN qualified_id RPAREN .)
    INNER           reduce using rule 38 (aggregate_func -> AVG LPAREN qualified_id RPAREN .)
    LEFT            reduce using rule 38 (aggregate_func -> AVG LPAREN qualified_id RPAREN .)
    RIGHT           reduce using rule 38 (aggregate_func -> AVG LPAREN qualified_id RPAREN .)
    FULL            reduce using rule 38 (aggregate_func -> AVG LPAREN qualified_id RPAREN .)
    JOIN            reduce using rule 38 (aggregate_func -> AVG LPAREN qualified_id RPAREN .)


state 124

    (39) aggregate_func -> MIN LPAREN qualified_id RPAREN .

    AS              reduce using rule 39 (aggregate_func -> MIN LPAREN qualified_id RPAREN .)
    EQUALS          reduce using rule 39 (aggregate_func -> MIN LPAREN qualified_id RPAREN .)
    NEQ             reduce using rule 39 (aggregate_func -> MIN LPAREN qualified_id RPAREN .)
    GT              reduce using rule 39 (aggregate_func -> MIN LPAREN qualified_id RPAREN .)
    LT              reduce using rule 39 (aggregate_func -> MIN LPAREN qualified_id RPAREN .)
    GE              reduce using rule 39 (aggregate_func -> MIN LPAREN qualified_id RPAREN .)
    LE              reduce using rule 39 (aggregate_func -> MIN LPAREN qualified_id RPAREN .)
    AND             reduce using rule 39 (aggregate_func -> MIN LPAREN qualified_id RPAREN .)
    OR              reduce using rule 39 (aggregate_func -> MIN LPAREN qualified_id RPAREN .)
    PLUS            reduce using rule 39 (aggregate_func -> MIN LPAREN qualified_id RPAREN .)
    MINUS           reduce using rule 39 (aggregate_func -> MIN LPAREN qualified_id RPAREN .)
    STAR            reduce using rule 39 (aggregate_func -> MIN LPAREN qualified_id RPAREN .)
    DIVIDE          reduce using rule 39 (aggregate_func -> MIN LPAREN qualified_id RPAREN .)
    FROM            reduce using rule 39 (aggregate_func -> MIN LPAREN qualified_id RPAREN .)
    COMMA           reduce using rule 39 (aggregate_func -> MIN LPAREN qualified_id RPAREN .)
    RPAREN          reduce using rule 39 (aggregate_func -> MIN LPAREN qualified_id RPAREN .)
    SEMICOLON       reduce using rule 39 (aggregate_func -> MIN LPAREN qualified_id RPAREN .)
    $end            reduce using rule 39 (aggregate_func -> MIN LPAREN qualified_id RPAREN .)
    GROUP           reduce using rule 39 (aggregate_func -> MIN LPAREN qualified_id RPAREN .)
    ORDER           reduce using rule 39 (aggregate_func -> MIN LPAREN qualified_id RPAREN .)
    LIMIT           reduce using rule 39 (aggregate_func -> MIN LPAREN qualified_id RPAREN .)
    UNION           reduce using rule 39 (aggregate_func -> MIN LPAREN qualified_id RPAREN .)
    INTERSECT       reduce using rule 39 (aggregate_func -> MIN LPAREN qualified_id RPAREN .)
    EXCEPT          reduce using rule 39 (aggregate_func -> MIN LPAREN qualified_id RPAREN .)
    WHERE           reduce using rule 39 (aggregate_func -> MIN LPAREN qualified_id RPAREN .)
    CROSS           reduce using rule 39 (aggregate_func -> MIN LPAREN qualified_id RPAREN .)
    INNER           reduce using rule 39 (aggregate_func -> MIN LPAREN qualified_id RPAREN .)
    LEFT            reduce using rule 39 (aggregate_func -> MIN LPAREN qualified_id RPAREN .)
    RIGHT           reduce using rule 39 (aggregate_func -> MIN LPAREN qualified_id RPAREN .)
    FULL            reduce using rule 39 (aggregate_func -> MIN LPAREN qualified_id RPAREN .)
    JOIN            reduce using rule 39 (aggregate_func -> MIN LPAREN qualified_id RPAREN .)


state 125

    (40) aggregate_func -> MAX LPAREN qualified_id RPAREN .

    AS              reduce using rule 40 (aggregate_func -> MAX LPAREN qualified_id RPAREN .)
    EQUALS          reduce using rule 40 (aggregate_func -> MAX LPAREN qualified_id RPAREN .)
    NEQ             reduce using rule 40 (aggregate_func -> MAX LPAREN qualified_id RPAREN .)
    GT              reduce using rule 40 (aggregate_func -> MAX LPAREN qualified_id RPAREN .)
    LT              reduce using rule 40 (aggregate_func -> MAX LPAREN qualified_id RPAREN .)
    GE              reduce using rule 40 (aggregate_func -> MAX LPAREN qualified_id RPAREN .)
    LE              reduce using rule 40 (aggregate_func -> MAX LPAREN qualified_id RPAREN .)
    AND             reduce using rule 40 (aggregate_func -> MAX LPAREN qualified_id RPAREN .)
    OR              reduce using rule 40 (aggregate_func -> MAX LPAREN qualified_id RPAREN .)
    PLUS            reduce using rule 40 (aggregate_func -> MAX LPAREN qualified_id RPAREN .)
    MINUS           reduce using rule 40 (aggregate_func -> MAX LPAREN qualified_id RPAREN .)
    STAR            reduce using rule 40 (aggregate_func -> MAX LPAREN qualified_id RPAREN .)
    DIVIDE          reduce using rule 40 (aggregate_func -> MAX LPAREN qualified_id RPAREN .)
    FROM            reduce using rule 40 (aggregate_func -> MAX LPAREN qualified_id RPAREN .)
    COMMA           reduce using rule 40 (aggregate_func -> MAX LPAREN qualified_id RPAREN .)
    RPAREN          reduce using rule 40 (aggregate_func -> MAX LPAREN qualified_id RPAREN .)
    SEMICOLON       reduce using rule 40 (aggregate_func -> MAX LPAREN qualified_id RPAREN .)
    $end            reduce using rule 40 (aggregate_func -> MAX LPAREN qualified_id RPAREN .)
    GROUP           reduce using rule 40 (aggregate_func -> MAX LPAREN qualified_id RPAREN .)
    ORDER           reduce using rule 40 (aggregate_func -> MAX LPAREN qualified_id RPAREN .)
    LIMIT           reduce using rule 40 (aggregate_func -> MAX LPAREN qualified_id RPAREN .)
    UNION           reduce using rule 40 (aggregate_func -> MAX LPAREN qualified_id RPAREN .)
    INTERSECT       reduce using rule 40 (aggregate_func -> MAX LPAREN qualified_id RPAREN .)
    EXCEPT          reduce using rule 40 (aggregate_func -> MAX LPAREN qualified_id RPAREN .)
    WHERE           reduce using rule 40 (aggregate_func -> MAX LPAREN qualified_id RPAREN .)
    CROSS           reduce using rule 40 (aggregate_func -> MAX LPAREN qualified_id RPAREN .)
    INNER           reduce using rule 40 (aggregate_func -> MAX LPAREN qualified_id RPAREN .)
    LEFT            reduce using rule 40 (aggregate_func -> MAX LPAREN qualified_id RPAREN .)
    RIGHT           reduce using rule 40 (aggregate_func -> MAX LPAREN qualified_id RPAREN .)
    FULL            reduce using rule 40 (aggregate_func -> MAX LPAREN qualified_id RPAREN .)
    JOIN            reduce using rule 40 (aggregate_func -> MAX LPAREN qualified_id RPAREN .)


state 126

    (83) insert_stmt -> INSERT INTO IDENTIFIER VALUES tuple_list .
    (85) tuple_list -> tuple_list . COMMA LPAREN value_list RPAREN

    SEMICOLON       reduce using rule 83 (insert_stmt -> INSERT INTO IDENTIFIER VALUES tuple_list .)
    $end            reduce using rule 83 (insert_stmt -> INSERT INTO IDENTIFIER VALUES tuple_list .)
    COMMA           shift and go to state 141


state 127

    (84) tuple_list -> LPAREN . value_list RPAREN
    (86) value_list -> . expression
    (87) value_list -> . value_list COMMA expression
    (54) expression -> . expression EQUALS expression
    (55) expression -> . expression NEQ expression
    (56) expression -> . expression GT expression
    (57) expression -> . expression LT expression
    (58) expression -> . expression GE expression
    (59) expression -> . expression LE expression
    (60) expression -> . expression AND expression
    (61) expression -> . expression OR expression
    (62) expression -> . expression PLUS expression
    (63) expression -> . expression MINUS expression
    (64) expression -> . expression STAR expression
    (65) expression -> . expression DIVIDE expression
    (66) expression -> . qualified_id
    (67) expression -> . aggregate_func
    (68) expression -> . NUMBER
    (69) expression -> . STRING
    (70) expression -> . TRUE
    (71) expression -> . FALSE
    (72) expression -> . NULL
    (73) expression -> . LPAREN expression RPAREN
    (74) qualified_id -> . IDENTIFIER DOT IDENTIFIER
    (75) qualified_id -> . IDENTIFIER
    (36) aggregate_func -> . SUM LPAREN qualified_id RPAREN
    (37) aggregate_func -> . COUNT LPAREN qualified_id RPAREN
    (38) aggregate_func -> . AVG LPAREN qualified_id RPAREN
    (39) aggregate_func -> . MIN LPAREN qualified_id RPAREN
    (40) aggregate_func -> . MAX LPAREN qualified_id RPAREN

    NUMBER          shift and go to state 31
    STRING          shift and go to state 32
    TRUE            shift and go to state 33
    FALSE           shift and go to state 34
    NULL            shift and go to state 35
    LPAREN          shift and go to state 36
    IDENTIFIER      shift and go to state 28
    SUM             shift and go to state 37
    COUNT           shift and go to state 38
    AVG             shift and go to state 39
    MIN             shift and go to state 40
    MAX             shift and go to state 41

    value_list                     shift and go to state 142
    expression                     shift and go to state 143
    qualified_id                   shift and go to state 29
    aggregate_func                 shift and go to state 30

state 128

    (92) assignment -> IDENTIFIER EQUALS . expression
    (54) expression -> . expression EQUALS expression
    (55) expression -> . expression NEQ expression
    (56) expression -> . expression GT expression
    (57) expression -> . expression LT expression
    (58) expression -> . expression GE expression
    (59) expression -> . expression LE expression
    (60) expression -> . expression AND expression
    (61) expression -> . expression OR expression
    (62) expression -> . expression PLUS expression
    (63) expression -> . expression MINUS expression
    (64) expression -> . expression STAR expression
    (65) expression -> . expression DIVIDE expression
    (66) expression -> . qualified_id
    (67) expression -> . aggregate_func
    (68) expression -> . NUMBER
    (69) expression -> . STRING
    (70) expression -> . TRUE
    (71) expression -> . FALSE
    (72) expression -> . NULL
    (73) expression -> . LPAREN expression RPAREN
    (74) qualified_id -> . IDENTIFIER DOT IDENTIFIER
    (75) qualified_id -> . IDENTIFIER
    (36) aggregate_func -> . SUM LPAREN qualified_id RPAREN
    (37) aggregate_func -> . COUNT LPAREN qualified_id RPAREN
    (38) aggregate_func -> . AVG LPAREN qualified_id RPAREN
    (39) aggregate_func -> . MIN LPAREN qualified_id RPAREN
    (40) aggregate_func -> . MAX LPAREN qualified_id RPAREN

    NUMBER          shift and go to state 31
    STRING          shift and go to state 32
    TRUE            shift and go to state 33
    FALSE           shift and go to state 34
    NULL            shift and go to state 35
    LPAREN          shift and go to state 36
    IDENTIFIER      shift and go to state 28
    SUM             shift and go to state 37
    COUNT           shift and go to state 38
    AVG             shift and go to state 39
    MIN             shift and go to state 40
    MAX             shift and go to state 41

    expression                     shift and go to state 144
    qualified_id                   shift and go to state 29
    aggregate_func                 shift and go to state 30

state 129

    (89) update_stmt -> UPDATE IDENTIFIER SET assignment_list opt_where .

    SEMICOLON       reduce using rule 89 (update_stmt -> UPDATE IDENTIFIER SET assignment_list opt_where .)
    $end            reduce using rule 89 (update_stmt -> UPDATE IDENTIFIER SET assignment_list opt_where .)


state 130

    (91) assignment_list -> assignment_list COMMA . assignment
    (92) assignment -> . IDENTIFIER EQUALS expression

    IDENTIFIER      shift and go to state 103

    assignment                     shift and go to state 145

state 131

    (52) opt_where -> WHERE expression .
    (54) expression -> expression . EQUALS expression
    (55) expression -> expression . NEQ expression
    (56) expression -> expression . GT expression
    (57) expression -> expression . LT expression
    (58) expression -> expression . GE expression
    (59) expression -> expression . LE expression
    (60) expression -> expression . AND expression
    (61) expression -> expression . OR expression
    (62) expression -> expression . PLUS expression
    (63) expression -> expression . MINUS expression
    (64) expression -> expression . STAR expression
    (65) expression -> expression . DIVIDE expression

    SEMICOLON       reduce using rule 52 (opt_where -> WHERE expression .)
    $end            reduce using rule 52 (opt_where -> WHERE expression .)
    GROUP           reduce using rule 52 (opt_where -> WHERE expression .)
    ORDER           reduce using rule 52 (opt_where -> WHERE expression .)
    LIMIT           reduce using rule 52 (opt_where -> WHERE expression .)
    UNION           reduce using rule 52 (opt_where -> WHERE expression .)
    INTERSECT       reduce using rule 52 (opt_where -> WHERE expression .)
    EXCEPT          reduce using rule 52 (opt_where -> WHERE expression .)
    RPAREN          reduce using rule 52 (opt_where -> WHERE expression .)
    EQUALS          shift and go to state 54
    NEQ             shift and go to state 55
    GT              shift and go to state 56
    LT              shift and go to state 57
    GE              shift and go to state 58
    LE              shift and go to state 59
    AND             shift and go to state 60
    OR              shift and go to state 61
    PLUS            shift and go to state 62
    MINUS           shift and go to state 63
    STAR            shift and go to state 64
    DIVIDE          shift and go to state 65


state 132

    (79) column_def -> IDENTIFIER . data_type
    (80) data_type -> . INT
    (81) data_type -> . TEXT
    (82) data_type -> . FLOAT

    INT             shift and go to state 147
    TEXT            shift and go to state 148
    FLOAT           shift and go to state 149

    data_type                      shift and go to state 146

state 133

    (76) create_stmt -> CREATE TABLE IDENTIFIER LPAREN column_defs . RPAREN
    (78) column_defs -> column_defs . COMMA column_def

    RPAREN          shift and go to state 150
    COMMA           shift and go to state 151


state 134

    (77) column_defs -> column_def .

    RPAREN          reduce using rule 77 (column_defs -> column_def .)
    COMMA           reduce using rule 77 (column_defs -> column_def .)


state 135

    (11) select_statement -> SELECT projections FROM from_clause opt_joins opt_where . opt_groupby opt_orderby opt_limit
    (23) opt_groupby -> . GROUP BY group_list opt_having
    (24) opt_groupby -> . empty
    (96) empty -> .

    GROUP           shift and go to state 153
    ORDER           reduce using rule 96 (empty -> .)
    LIMIT           reduce using rule 96 (empty -> .)
    UNION           reduce using rule 96 (empty -> .)
    INTERSECT       reduce using rule 96 (empty -> .)
    EXCEPT          reduce using rule 96 (empty -> .)
    SEMICOLON       reduce using rule 96 (empty -> .)
    $end            reduce using rule 96 (empty -> .)
    RPAREN          reduce using rule 96 (empty -> .)

    opt_groupby                    shift and go to state 152
    empty                          shift and go to state 154

state 136

    (44) join_list -> join_list join_item .

    CROSS           reduce using rule 44 (join_list -> join_list join_item .)
    INNER           reduce using rule 44 (join_list -> join_list join_item .)
    LEFT            reduce using rule 44 (join_list -> join_list join_item .)
    RIGHT           reduce using rule 44 (join_list -> join_list join_item .)
    FULL            reduce using rule 44 (join_list -> join_list join_item .)
    JOIN            reduce using rule 44 (join_list -> join_list join_item .)
    WHERE           reduce using rule 44 (join_list -> join_list join_item .)
    GROUP           reduce using rule 44 (join_list -> join_list join_item .)
    ORDER           reduce using rule 44 (join_list -> join_list join_item .)
    LIMIT           reduce using rule 44 (join_list -> join_list join_item .)
    UNION           reduce using rule 44 (join_list -> join_list join_item .)
    INTERSECT       reduce using rule 44 (join_list -> join_list join_item .)
    EXCEPT          reduce using rule 44 (join_list -> join_list join_item .)
    SEMICOLON       reduce using rule 44 (join_list -> join_list join_item .)
    $end            reduce using rule 44 (join_list -> join_list join_item .)
    RPAREN          reduce using rule 44 (join_list -> join_list join_item .)


state 137

    (51) join_type -> empty .

    JOIN            reduce using rule 51 (join_type -> empty .)


state 138

    (45) join_item -> join_type JOIN . IDENTIFIER ON expression

    IDENTIFIER      shift and go to state 155


state 139

    (46) join_item -> CROSS JOIN . IDENTIFIER

    IDENTIFIER      shift and go to state 156


state 140

    (13) from_clause -> LPAREN select_statement RPAREN .
    (14) from_clause -> LPAREN select_statement RPAREN . AS IDENTIFIER

    CROSS           reduce using rule 13 (from_clause -> LPAREN select_statement RPAREN .)
    INNER           reduce using rule 13 (from_clause -> LPAREN select_statement RPAREN .)
    LEFT            reduce using rule 13 (from_clause -> LPAREN select_statement RPAREN .)
    RIGHT           reduce using rule 13 (from_clause -> LPAREN select_statement RPAREN .)
    FULL            reduce using rule 13 (from_clause -> LPAREN select_statement RPAREN .)
    WHERE           reduce using rule 13 (from_clause -> LPAREN select_statement RPAREN .)
    GROUP           reduce using rule 13 (from_clause -> LPAREN select_statement RPAREN .)
    ORDER           reduce using rule 13 (from_clause -> LPAREN select_statement RPAREN .)
    LIMIT           reduce using rule 13 (from_clause -> LPAREN select_statement RPAREN .)
    JOIN            reduce using rule 13 (from_clause -> LPAREN select_statement RPAREN .)
    UNION           reduce using rule 13 (from_clause -> LPAREN select_statement RPAREN .)
    INTERSECT       reduce using rule 13 (from_clause -> LPAREN select_statement RPAREN .)
    EXCEPT          reduce using rule 13 (from_clause -> LPAREN select_statement RPAREN .)
    SEMICOLON       reduce using rule 13 (from_clause -> LPAREN select_statement RPAREN .)
    $end            reduce using rule 13 (from_clause -> LPAREN select_statement RPAREN .)
    RPAREN          reduce using rule 13 (from_clause -> LPAREN select_statement RPAREN .)
    AS              shift and go to state 157


state 141

    (85) tuple_list -> tuple_list COMMA . LPAREN value_list RPAREN

    LPAREN          shift and go to state 158


state 142

    (84) tuple_list -> LPAREN value_list . RPAREN
    (87) value_list -> value_list . COMMA expression

    RPAREN          shift and go to state 159
    COMMA           shift and go to state 160


state 143

    (86) value_list -> expression .
    (54) expression -> expression . EQUALS expression
    (55) expression -> expression . NEQ expression
    (56) expression -> expression . GT expression
    (57) expression -> expression . LT expression
    (58) expression -> expression . GE expression
    (59) expression -> expression . LE expression
    (60) expression -> expression . AND expression
    (61) expression -> expression . OR expression
    (62) expression -> expression . PLUS expression
    (63) expression -> expression . MINUS expression
    (64) expression -> expression . STAR expression
    (65) expression -> expression . DIVIDE expression

    RPAREN          reduce using rule 86 (value_list -> expression .)
    COMMA           reduce using rule 86 (value_list -> expression .)
    EQUALS          shift and go to state 54
    NEQ             shift and go to state 55
    GT              shift and go to state 56
    LT              shift and go to state 57
    GE              shift and go to state 58
    LE              shift and go to state 59
    AND             shift and go to state 60
    OR              shift and go to state 61
    PLUS            shift and go to state 62
    MINUS           shift and go to state 63
    STAR            shift and go to state 64
    DIVIDE          shift and go to state 65


state 144

    (92) assignment -> IDENTIFIER EQUALS expression .
    (54) expression -> expression . EQUALS expression
    (55) expression -> expression . NEQ expression
    (56) expression -> expression . GT expression
    (57) expression -> expression . LT expression
    (58) expression -> expression . GE expression
    (59) expression -> expression . LE expression
    (60) expression -> expression . AND expression
    (61) expression -> expression . OR expression
    (62) expression -> expression . PLUS expression
    (63) expression -> expression . MINUS expression
    (64) expression -> expression . STAR expression
    (65) expression -> expression . DIVIDE expression

    COMMA           reduce using rule 92 (assignment -> IDENTIFIER EQUALS expression .)
    WHERE           reduce using rule 92 (assignment -> IDENTIFIER EQUALS expression .)
    SEMICOLON       reduce using rule 92 (assignment -> IDENTIFIER EQUALS expression .)
    $end            reduce using rule 92 (assignment -> IDENTIFIER EQUALS expression .)
    EQUALS          shift and go to state 54
    NEQ             shift and go to state 55
    GT              shift and go to state 56
    LT              shift and go to state 57
    GE              shift and go to state 58
    LE              shift and go to state 59
    AND             shift and go to state 60
    OR              shift and go to state 61
    PLUS            shift and go to state 62
    MINUS           shift and go to state 63
    STAR            shift and go to state 64
    DIVIDE          shift and go to state 65


state 145

    (91) assignment_list -> assignment_list COMMA assignment .

    COMMA           reduce using rule 91 (assignment_list -> assignment_list COMMA assignment .)
    WHERE           reduce using rule 91 (assignment_list -> assignment_list COMMA assignment .)
    SEMICOLON       reduce using rule 91 (assignment_list -> assignment_list COMMA assignment .)
    $end            reduce using rule 91 (assignment_list -> assignment_list COMMA assignment .)


state 146

    (79) column_def -> IDENTIFIER data_type .

    RPAREN          reduce using rule 79 (column_def -> IDENTIFIER data_type .)
    COMMA           reduce using rule 79 (column_def -> IDENTIFIER data_type .)


state 147

    (80) data_type -> INT .

    RPAREN          reduce using rule 80 (data_type -> INT .)
    COMMA           reduce using rule 80 (data_type -> INT .)


state 148

    (81) data_type -> TEXT .

    RPAREN          reduce using rule 81 (data_type -> TEXT .)
    COMMA           reduce using rule 81 (data_type -> TEXT .)


state 149

    (82) data_type -> FLOAT .

    RPAREN          reduce using rule 82 (data_type -> FLOAT .)
    COMMA           reduce using rule 82 (data_type -> FLOAT .)


state 150

    (76) create_stmt -> CREATE TABLE IDENTIFIER LPAREN column_defs RPAREN .

    SEMICOLON       reduce using rule 76 (create_stmt -> CREATE TABLE IDENTIFIER LPAREN column_defs RPAREN .)
    $end            reduce using rule 76 (create_stmt -> CREATE TABLE IDENTIFIER LPAREN column_defs RPAREN .)


state 151

    (78) column_defs -> column_defs COMMA . column_def
    (79) column_def -> . IDENTIFIER data_type

    IDENTIFIER      shift and go to state 132

    column_def                     shift and go to state 161

state 152

    (11) select_statement -> SELECT projections FROM from_clause opt_joins opt_where opt_groupby . opt_orderby opt_limit
    (18) opt_orderby -> . ORDER BY IDENTIFIER opt_asc_desc
    (19) opt_orderby -> . empty
    (96) empty -> .

    ORDER           shift and go to state 163
    LIMIT           reduce using rule 96 (empty -> .)
    UNION           reduce using rule 96 (empty -> .)
    INTERSECT       reduce using rule 96 (empty -> .)
    EXCEPT          reduce using rule 96 (empty -> .)
    SEMICOLON       reduce using rule 96 (empty -> .)
    $end            reduce using rule 96 (empty -> .)
    RPAREN          reduce using rule 96 (empty -> .)

    opt_orderby                    shift and go to state 162
    empty                          shift and go to state 164

state 153

    (23) opt_groupby -> GROUP . BY group_list opt_having

    BY              shift and go to state 165


state 154

    (24) opt_groupby -> empty .

    ORDER           reduce using rule 24 (opt_groupby -> empty .)
    LIMIT           reduce using rule 24 (opt_groupby -> empty .)
    UNION           reduce using rule 24 (opt_groupby -> empty .)
    INTERSECT       reduce using rule 24 (opt_groupby -> empty .)
    EXCEPT          reduce using rule 24 (opt_groupby -> empty .)
    SEMICOLON       reduce using rule 24 (opt_groupby -> empty .)
    $end            reduce using rule 24 (opt_groupby -> empty .)
    RPAREN          reduce using rule 24 (opt_groupby -> empty .)


state 155

    (45) join_item -> join_type JOIN IDENTIFIER . ON expression

    ON              shift and go to state 166


state 156

    (46) join_item -> CROSS JOIN IDENTIFIER .

    CROSS           reduce using rule 46 (join_item -> CROSS JOIN IDENTIFIER .)
    INNER           reduce using rule 46 (join_item -> CROSS JOIN IDENTIFIER .)
    LEFT            reduce using rule 46 (join_item -> CROSS JOIN IDENTIFIER .)
    RIGHT           reduce using rule 46 (join_item -> CROSS JOIN IDENTIFIER .)
    FULL            reduce using rule 46 (join_item -> CROSS JOIN IDENTIFIER .)
    JOIN            reduce using rule 46 (join_item -> CROSS JOIN IDENTIFIER .)
    WHERE           reduce using rule 46 (join_item -> CROSS JOIN IDENTIFIER .)
    GROUP           reduce using rule 46 (join_item -> CROSS JOIN IDENTIFIER .)
    ORDER           reduce using rule 46 (join_item -> CROSS JOIN IDENTIFIER .)
    LIMIT           reduce using rule 46 (join_item -> CROSS JOIN IDENTIFIER .)
    UNION           reduce using rule 46 (join_item -> CROSS JOIN IDENTIFIER .)
    INTERSECT       reduce using rule 46 (join_item -> CROSS JOIN IDENTIFIER .)
    EXCEPT          reduce using rule 46 (join_item -> CROSS JOIN IDENTIFIER .)
    SEMICOLON       reduce using rule 46 (join_item -> CROSS JOIN IDENTIFIER .)
    $end            reduce using rule 46 (join_item -> CROSS JOIN IDENTIFIER .)
    RPAREN          reduce using rule 46 (join_item -> CROSS JOIN IDENTIFIER .)


state 157

    (14) from_clause -> LPAREN select_statement RPAREN AS . IDENTIFIER

    IDENTIFIER      shift and go to state 167


state 158

    (85) tuple_list -> tuple_list COMMA LPAREN . value_list RPAREN
    (86) value_list -> . expression
    (87) value_list -> . value_list COMMA expression
    (54) expression -> . expression EQUALS expression
    (55) expression -> . expression NEQ expression
    (56) expression -> . expression GT expression
    (57) expression -> . expression LT expression
    (58) expression -> . expression GE expression
    (59) expression -> . expression LE expression
    (60) expression -> . expression AND expression
    (61) expression -> . expression OR expression
    (62) expression -> . expression PLUS expression
    (63) expression -> . expression MINUS expression
    (64) expression -> . expression STAR expression
    (65) expression -> . expression DIVIDE expression
    (66) expression -> . qualified_id
    (67) expression -> . aggregate_func
    (68) expression -> . NUMBER
    (69) expression -> . STRING
    (70) expression -> . TRUE
    (71) expression -> . FALSE
    (72) expression -> . NULL
    (73) expression -> . LPAREN expression RPAREN
    (74) qualified_id -> . IDENTIFIER DOT IDENTIFIER
    (75) qualified_id -> . IDENTIFIER
    (36) aggregate_func -> . SUM LPAREN qualified_id RPAREN
    (37) aggregate_func -> . COUNT LPAREN qualified_id RPAREN
    (38) aggregate_func -> . AVG LPAREN qualified_id RPAREN
    (39) aggregate_func -> . MIN LPAREN qualified_id RPAREN
    (40) aggregate_func -> . MAX LPAREN qualified_id RPAREN

    NUMBER          shift and go to state 31
    STRING          shift and go to state 32
    TRUE            shift and go to state 33
    FALSE           shift and go to state 34
    NULL            shift and go to state 35
    LPAREN          shift and go to state 36
    IDENTIFIER      shift and go to state 28
    SUM             shift and go to state 37
    COUNT           shift and go to state 38
    AVG             shift and go to state 39
    MIN             shift and go to state 40
    MAX             shift and go to state 41

    value_list                     shift and go to state 168
    expression                     shift and go to state 143
    qualified_id                   shift and go to state 29
    aggregate_func                 shift and go to state 30

state 159

    (84) tuple_list -> LPAREN value_list RPAREN .

    COMMA           reduce using rule 84 (tuple_list -> LPAREN value_list RPAREN .)
    SEMICOLON       reduce using rule 84 (tuple_list -> LPAREN value_list RPAREN .)
    $end            reduce using rule 84 (tuple_list -> LPAREN value_list RPAREN .)


state 160

    (87) value_list -> value_list COMMA . expression
    (54) expression -> . expression EQUALS expression
    (55) expression -> . expression NEQ expression
    (56) expression -> . expression GT expression
    (57) expression -> . expression LT expression
    (58) expression -> . expression GE expression
    (59) expression -> . expression LE expression
    (60) expression -> . expression AND expression
    (61) expression -> . expression OR expression
    (62) expression -> . expression PLUS expression
    (63) expression -> . expression MINUS expression
    (64) expression -> . expression STAR expression
    (65) expression -> . expression DIVIDE expression
    (66) expression -> . qualified_id
    (67) expression -> . aggregate_func
    (68) expression -> . NUMBER
    (69) expression -> . STRING
    (70) expression -> . TRUE
    (71) expression -> . FALSE
    (72) expression -> . NULL
    (73) expression -> . LPAREN expression RPAREN
    (74) qualified_id -> . IDENTIFIER DOT IDENTIFIER
    (75) qualified_id -> . IDENTIFIER
    (36) aggregate_func -> . SUM LPAREN qualified_id RPAREN
    (37) aggregate_func -> . COUNT LPAREN qualified_id RPAREN
    (38) aggregate_func -> . AVG LPAREN qualified_id RPAREN
    (39) aggregate_func -> . MIN LPAREN qualified_id RPAREN
    (40) aggregate_func -> . MAX LPAREN qualified_id RPAREN

    NUMBER          shift and go to state 31
    STRING          shift and go to state 32
    TRUE            shift and go to state 33
    FALSE           shift and go to state 34
    NULL            shift and go to state 35
    LPAREN          shift and go to state 36
    IDENTIFIER      shift and go to state 28
    SUM             shift and go to state 37
    COUNT           shift and go to state 38
    AVG             shift and go to state 39
    MIN             shift and go to state 40
    MAX             shift and go to state 41

    expression                     shift and go to state 169
    qualified_id                   shift and go to state 29
    aggregate_func                 shift and go to state 30

state 161

    (78) column_defs -> column_defs COMMA column_def .

    RPAREN          reduce using rule 78 (column_defs -> column_defs COMMA column_def .)
    COMMA           reduce using rule 78 (column_defs -> column_defs COMMA column_def .)


state 162

    (11) select_statement -> SELECT projections FROM from_clause opt_joins opt_where opt_groupby opt_orderby . opt_limit
    (29) opt_limit -> . LIMIT NUMBER
    (30) opt_limit -> . empty
    (96) empty -> .

    LIMIT           shift and go to state 171
    UNION           reduce using rule 96 (empty -> .)
    INTERSECT       reduce using rule 96 (empty -> .)
    EXCEPT          reduce using rule 96 (empty -> .)
    SEMICOLON       reduce using rule 96 (empty -> .)
    $end            reduce using rule 96 (empty -> .)
    RPAREN          reduce using rule 96 (empty -> .)

    opt_limit                      shift and go to state 170
    empty                          shift and go to state 172

state 163

    (18) opt_orderby -> ORDER . BY IDENTIFIER opt_asc_desc

    BY              shift and go to state 173


state 164

    (19) opt_orderby -> empty .

    LIMIT           reduce using rule 19 (opt_orderby -> empty .)
    UNION           reduce using rule 19 (opt_orderby -> empty .)
    INTERSECT       reduce using rule 19 (opt_orderby -> empty .)
    EXCEPT          reduce using rule 19 (opt_orderby -> empty .)
    SEMICOLON       reduce using rule 19 (opt_orderby -> empty .)
    $end            reduce using rule 19 (opt_orderby -> empty .)
    RPAREN          reduce using rule 19 (opt_orderby -> empty .)


state 165

    (23) opt_groupby -> GROUP BY . group_list opt_having
    (25) group_list -> . qualified_id
    (26) group_list -> . group_list COMMA qualified_id
    (74) qualified_id -> . IDENTIFIER DOT IDENTIFIER
    (75) qualified_id -> . IDENTIFIER

    IDENTIFIER      shift and go to state 28

    group_list                     shift and go to state 174
    qualified_id                   shift and go to state 175

state 166

    (45) join_item -> join_type JOIN IDENTIFIER ON . expression
    (54) expression -> . expression EQUALS expression
    (55) expression -> . expression NEQ expression
    (56) expression -> . expression GT expression
    (57) expression -> . expression LT expression
    (58) expression -> . expression GE expression
    (59) expression -> . expression LE expression
    (60) expression -> . expression AND expression
    (61) expression -> . expression OR expression
    (62) expression -> . expression PLUS expression
    (63) expression -> . expression MINUS expression
    (64) expression -> . expression STAR expression
    (65) expression -> . expression DIVIDE expression
    (66) expression -> . qualified_id
    (67) expression -> . aggregate_func
    (68) expression -> . NUMBER
    (69) expression -> . STRING
    (70) expression -> . TRUE
    (71) expression -> . FALSE
    (72) expression -> . NULL
    (73) expression -> . LPAREN expression RPAREN
    (74) qualified_id -> . IDENTIFIER DOT IDENTIFIER
    (75) qualified_id -> . IDENTIFIER
    (36) aggregate_func -> . SUM LPAREN qualified_id RPAREN
    (37) aggregate_func -> . COUNT LPAREN qualified_id RPAREN
    (38) aggregate_func -> . AVG LPAREN qualified_id RPAREN
    (39) aggregate_func -> . MIN LPAREN qualified_id RPAREN
    (40) aggregate_func -> . MAX LPAREN qualified_id RPAREN

    NUMBER          shift and go to state 31
    STRING          shift and go to state 32
    TRUE            shift and go to state 33
    FALSE           shift and go to state 34
    NULL            shift and go to state 35
    LPAREN          shift and go to state 36
    IDENTIFIER      shift and go to state 28
    SUM             shift and go to state 37
    COUNT           shift and go to state 38
    AVG             shift and go to state 39
    MIN             shift and go to state 40
    MAX             shift and go to state 41

    expression                     shift and go to state 176
    qualified_id                   shift and go to state 29
    aggregate_func                 shift and go to state 30

state 167

    (14) from_clause -> LPAREN select_statement RPAREN AS IDENTIFIER .

    CROSS           reduce using rule 14 (from_clause -> LPAREN select_statement RPAREN AS IDENTIFIER .)
    INNER           reduce using rule 14 (from_clause -> LPAREN select_statement RPAREN AS IDENTIFIER .)
    LEFT            reduce using rule 14 (from_clause -> LPAREN select_statement RPAREN AS IDENTIFIER .)
    RIGHT           reduce using rule 14 (from_clause -> LPAREN select_statement RPAREN AS IDENTIFIER .)
    FULL            reduce using rule 14 (from_clause -> LPAREN select_statement RPAREN AS IDENTIFIER .)
    WHERE           reduce using rule 14 (from_clause -> LPAREN select_statement RPAREN AS IDENTIFIER .)
    GROUP           reduce using rule 14 (from_clause -> LPAREN select_statement RPAREN AS IDENTIFIER .)
    ORDER           reduce using rule 14 (from_clause -> LPAREN select_statement RPAREN AS IDENTIFIER .)
    LIMIT           reduce using rule 14 (from_clause -> LPAREN select_statement RPAREN AS IDENTIFIER .)
    JOIN            reduce using rule 14 (from_clause -> LPAREN select_statement RPAREN AS IDENTIFIER .)
    UNION           reduce using rule 14 (from_clause -> LPAREN select_statement RPAREN AS IDENTIFIER .)
    INTERSECT       reduce using rule 14 (from_clause -> LPAREN select_statement RPAREN AS IDENTIFIER .)
    EXCEPT          reduce using rule 14 (from_clause -> LPAREN select_statement RPAREN AS IDENTIFIER .)
    SEMICOLON       reduce using rule 14 (from_clause -> LPAREN select_statement RPAREN AS IDENTIFIER .)
    $end            reduce using rule 14 (from_clause -> LPAREN select_statement RPAREN AS IDENTIFIER .)
    RPAREN          reduce using rule 14 (from_clause -> LPAREN select_statement RPAREN AS IDENTIFIER .)


state 168

    (85) tuple_list -> tuple_list COMMA LPAREN value_list . RPAREN
    (87) value_list -> value_list . COMMA expression

    RPAREN          shift and go to state 177
    COMMA           shift and go to state 160


state 169

    (87) value_list -> value_list COMMA expression .
    (54) expression -> expression . EQUALS expression
    (55) expression -> expression . NEQ expression
    (56) expression -> expression . GT expression
    (57) expression -> expression . LT expression
    (58) expression -> expression . GE expression
    (59) expression -> expression . LE expression
    (60) expression -> expression . AND expression
    (61) expression -> expression . OR expression
    (62) expression -> expression . PLUS expression
    (63) expression -> expression . MINUS expression
    (64) expression -> expression . STAR expression
    (65) expression -> expression . DIVIDE expression

    RPAREN          reduce using rule 87 (value_list -> value_list COMMA expression .)
    COMMA           reduce using rule 87 (value_list -> value_list COMMA expression .)
    EQUALS          shift and go to state 54
    NEQ             shift and go to state 55
    GT              shift and go to state 56
    LT              shift and go to state 57
    GE              shift and go to state 58
    LE              shift and go to state 59
    AND             shift and go to state 60
    OR              shift and go to state 61
    PLUS            shift and go to state 62
    MINUS           shift and go to state 63
    STAR            shift and go to state 64
    DIVIDE          shift and go to state 65


state 170

    (11) select_statement -> SELECT projections FROM from_clause opt_joins opt_where opt_groupby opt_orderby opt_limit .

    UNION           reduce using rule 11 (select_statement -> SELECT projections FROM from_clause opt_joins opt_where opt_groupby opt_orderby opt_limit .)
    INTERSECT       reduce using rule 11 (select_statement -> SELECT projections FROM from_clause opt_joins opt_where opt_groupby opt_orderby opt_limit .)
    EXCEPT          reduce using rule 11 (select_statement -> SELECT projections FROM from_clause opt_joins opt_where opt_groupby opt_orderby opt_limit .)
    SEMICOLON       reduce using rule 11 (select_statement -> SELECT projections FROM from_clause opt_joins opt_where opt_groupby opt_orderby opt_limit .)
    $end            reduce using rule 11 (select_statement -> SELECT projections FROM from_clause opt_joins opt_where opt_groupby opt_orderby opt_limit .)
    RPAREN          reduce using rule 11 (select_statement -> SELECT projections FROM from_clause opt_joins opt_where opt_groupby opt_orderby opt_limit .)


state 171

    (29) opt_limit -> LIMIT . NUMBER

    NUMBER          shift and go to state 178


state 172

    (30) opt_limit -> empty .

    UNION           reduce using rule 30 (opt_limit -> empty .)
    INTERSECT       reduce using rule 30 (opt_limit -> empty .)
    EXCEPT          reduce using rule 30 (opt_limit -> empty .)
    SEMICOLON       reduce using rule 30 (opt_limit -> empty .)
    $end            reduce using rule 30 (opt_limit -> empty .)
    RPAREN          reduce using rule 30 (opt_limit -> empty .)


state 173

    (18) opt_orderby -> ORDER BY . IDENTIFIER opt_asc_desc

    IDENTIFIER      shift and go to state 179


state 174

    (23) opt_groupby -> GROUP BY group_list . opt_having
    (26) group_list -> group_list . COMMA qualified_id
    (27) opt_having -> . HAVING expression
    (28) opt_having -> . empty
    (96) empty -> .

    COMMA           shift and go to state 181
    HAVING          shift and go to state 182
    ORDER           reduce using rule 96 (empty -> .)
    LIMIT           reduce using rule 96 (empty -> .)
    UNION           reduce using rule 96 (empty -> .)
    INTERSECT       reduce using rule 96 (empty -> .)
    EXCEPT          reduce using rule 96 (empty -> .)
    SEMICOLON       reduce using rule 96 (empty -> .)
    $end            reduce using rule 96 (empty -> .)
    RPAREN          reduce using rule 96 (empty -> .)

    opt_having                     shift and go to state 180
    empty                          shift and go to state 183

state 175

    (25) group_list -> qualified_id .

    COMMA           reduce using rule 25 (group_list -> qualified_id .)
    HAVING          reduce using rule 25 (group_list -> qualified_id .)
    ORDER           reduce using rule 25 (group_list -> qualified_id .)
    LIMIT           reduce using rule 25 (group_list -> qualified_id .)
    UNION           reduce using rule 25 (group_list -> qualified_id .)
    INTERSECT       reduce using rule 25 (group_list -> qualified_id .)
    EXCEPT          reduce using rule 25 (group_list -> qualified_id .)
    SEMICOLON       reduce using rule 25 (group_list -> qualified_id .)
    $end            reduce using rule 25 (group_list -> qualified_id .)
    RPAREN          reduce using rule 25 (group_list -> qualified_id .)


state 176

    (45) join_item -> join_type JOIN IDENTIFIER ON expression .
    (54) expression -> expression . EQUALS expression
    (55) expression -> expression . NEQ expression
    (56) expression -> expression . GT expression
    (57) expression -> expression . LT expression
    (58) expression -> expression . GE expression
    (59) expression -> expression . LE expression
    (60) expression -> expression . AND expression
    (61) expression -> expression . OR expression
    (62) expression -> expression . PLUS expression
    (63) expression -> expression . MINUS expression
    (64) expression -> expression . STAR expression
    (65) expression -> expression . DIVIDE expression

    CROSS           reduce using rule 45 (join_item -> join_type JOIN IDENTIFIER ON expression .)
    INNER           reduce using rule 45 (join_item -> join_type JOIN IDENTIFIER ON expression .)
    LEFT            reduce using rule 45 (join_item -> join_type JOIN IDENTIFIER ON expression .)
    RIGHT           reduce using rule 45 (join_item -> join_type JOIN IDENTIFIER ON expression .)
    FULL            reduce using rule 45 (join_item -> join_type JOIN IDENTIFIER ON expression .)
    JOIN            reduce using rule 45 (join_item -> join_type JOIN IDENTIFIER ON expression .)
    WHERE           reduce using rule 45 (join_item -> join_type JOIN IDENTIFIER ON expression .)
    GROUP           reduce using rule 45 (join_item -> join_type JOIN IDENTIFIER ON expression .)
    ORDER           reduce using rule 45 (join_item -> join_type JOIN IDENTIFIER ON expression .)
    LIMIT           reduce using rule 45 (join_item -> join_type JOIN IDENTIFIER ON expression .)
    UNION           reduce using rule 45 (join_item -> join_type JOIN IDENTIFIER ON expression .)
    INTERSECT       reduce using rule 45 (join_item -> join_type JOIN IDENTIFIER ON expression .)
    EXCEPT          reduce using rule 45 (join_item -> join_type JOIN IDENTIFIER ON expression .)
    SEMICOLON       reduce using rule 45 (join_item -> join_type JOIN IDENTIFIER ON expression .)
    $end            reduce using rule 45 (join_item -> join_type JOIN IDENTIFIER ON expression .)
    RPAREN          reduce using rule 45 (join_item -> join_type JOIN IDENTIFIER ON expression .)
    EQUALS          shift and go to state 54
    NEQ             shift and go to state 55
    GT              shift and go to state 56
    LT              shift and go to state 57
    GE              shift and go to state 58
    LE              shift and go to state 59
    AND             shift and go to state 60
    OR              shift and go to state 61
    PLUS            shift and go to state 62
    MINUS           shift and go to state 63
    STAR            shift and go to state 64
    DIVIDE          shift and go to state 65


state 177

    (85) tuple_list -> tuple_list COMMA LPAREN value_list RPAREN .

    COMMA           reduce using rule 85 (tuple_list -> tuple_list COMMA LPAREN value_list RPAREN .)
    SEMICOLON       reduce using rule 85 (tuple_list -> tuple_list COMMA LPAREN value_list RPAREN .)
    $end            reduce using rule 85 (tuple_list -> tuple_list COMMA LPAREN value_list RPAREN .)


state 178

    (29) opt_limit -> LIMIT NUMBER .

    UNION           reduce using rule 29 (opt_limit -> LIMIT NUMBER .)
    INTERSECT       reduce using rule 29 (opt_limit -> LIMIT NUMBER .)
    EXCEPT          reduce using rule 29 (opt_limit -> LIMIT NUMBER .)
    SEMICOLON       reduce using rule 29 (opt_limit -> LIMIT NUMBER .)
    $end            reduce using rule 29 (opt_limit -> LIMIT NUMBER .)
    RPAREN          reduce using rule 29 (opt_limit -> LIMIT NUMBER .)


state 179

    (18) opt_orderby -> ORDER BY IDENTIFIER . opt_asc_desc
    (20) opt_asc_desc -> . ASC
    (21) opt_asc_desc -> . DESC
    (22) opt_asc_desc -> . empty
    (96) empty -> .

    ASC             shift and go to state 185
    DESC            shift and go to state 186
    LIMIT           reduce using rule 96 (empty -> .)
    UNION           reduce using rule 96 (empty -> .)
    INTERSECT       reduce using rule 96 (empty -> .)
    EXCEPT          reduce using rule 96 (empty -> .)
    SEMICOLON       reduce using rule 96 (empty -> .)
    $end            reduce using rule 96 (empty -> .)
    RPAREN          reduce using rule 96 (empty -> .)

    opt_asc_desc                   shift and go to state 184
    empty                          shift and go to state 187

state 180

    (23) opt_groupby -> GROUP BY group_list opt_having .

    ORDER           reduce using rule 23 (opt_groupby -> GROUP BY group_list opt_having .)
    LIMIT           reduce using rule 23 (opt_groupby -> GROUP BY group_list opt_having .)
    UNION           reduce using rule 23 (opt_groupby -> GROUP BY group_list opt_having .)
    INTERSECT       reduce using rule 23 (opt_groupby -> GROUP BY group_list opt_having .)
    EXCEPT          reduce using rule 23 (opt_groupby -> GROUP BY group_list opt_having .)
    SEMICOLON       reduce using rule 23 (opt_groupby -> GROUP BY group_list opt_having .)
    $end            reduce using rule 23 (opt_groupby -> GROUP BY group_list opt_having .)
    RPAREN          reduce using rule 23 (opt_groupby -> GROUP BY group_list opt_having .)


state 181

    (26) group_list -> group_list COMMA . qualified_id
    (74) qualified_id -> . IDENTIFIER DOT IDENTIFIER
    (75) qualified_id -> . IDENTIFIER

    IDENTIFIER      shift and go to state 28

    qualified_id                   shift and go to state 188

state 182

    (27) opt_having -> HAVING . expression
    (54) expression -> . expression EQUALS expression
    (55) expression -> . expression NEQ expression
    (56) expression -> . expression GT expression
    (57) expression -> . expression LT expression
    (58) expression -> . expression GE expression
    (59) expression -> . expression LE expression
    (60) expression -> . expression AND expression
    (61) expression -> . expression OR expression
    (62) expression -> . expression PLUS expression
    (63) expression -> . expression MINUS expression
    (64) expression -> . expression STAR expression
    (65) expression -> . expression DIVIDE expression
    (66) expression -> . qualified_id
    (67) expression -> . aggregate_func
    (68) expression -> . NUMBER
    (69) expression -> . STRING
    (70) expression -> . TRUE
    (71) expression -> . FALSE
    (72) expression -> . NULL
    (73) expression -> . LPAREN expression RPAREN
    (74) qualified_id -> . IDENTIFIER DOT IDENTIFIER
    (75) qualified_id -> . IDENTIFIER
    (36) aggregate_func -> . SUM LPAREN qualified_id RPAREN
    (37) aggregate_func -> . COUNT LPAREN qualified_id RPAREN
    (38) aggregate_func -> . AVG LPAREN qualified_id RPAREN
    (39) aggregate_func -> . MIN LPAREN qualified_id RPAREN
    (40) aggregate_func -> . MAX LPAREN qualified_id RPAREN

    NUMBER          shift and go to state 31
    STRING          shift and go to state 32
    TRUE            shift and go to state 33
    FALSE           shift and go to state 34
    NULL            shift and go to state 35
    LPAREN          shift and go to state 36
    IDENTIFIER      shift and go to state 28
    SUM             shift and go to state 37
    COUNT           shift and go to state 38
    AVG             shift and go to state 39
    MIN             shift and go to state 40
    MAX             shift and go to state 41

    expression                     shift and go to state 189
    qualified_id                   shift and go to state 29
    aggregate_func                 shift and go to state 30

state 183

    (28) opt_having -> empty .

    ORDER           reduce using rule 28 (opt_having -> empty .)
    LIMIT           reduce using rule 28 (opt_having -> empty .)
    UNION           reduce using rule 28 (opt_having -> empty .)
    INTERSECT       reduce using rule 28 (opt_having -> empty .)
    EXCEPT          reduce using rule 28 (opt_having -> empty .)
    SEMICOLON       reduce using rule 28 (opt_having -> empty .)
    $end            reduce using rule 28 (opt_having -> empty .)
    RPAREN          reduce using rule 28 (opt_having -> empty .)


state 184

    (18) opt_orderby -> ORDER BY IDENTIFIER opt_asc_desc .

    LIMIT           reduce using rule 18 (opt_orderby -> ORDER BY IDENTIFIER opt_asc_desc .)
    UNION           reduce using rule 18 (opt_orderby -> ORDER BY IDENTIFIER opt_asc_desc .)
    INTERSECT       reduce using rule 18 (opt_orderby -> ORDER BY IDENTIFIER opt_asc_desc .)
    EXCEPT          reduce using rule 18 (opt_orderby -> ORDER BY IDENTIFIER opt_asc_desc .)
    SEMICOLON       reduce using rule 18 (opt_orderby -> ORDER BY IDENTIFIER opt_asc_desc .)
    $end            reduce using rule 18 (opt_orderby -> ORDER BY IDENTIFIER opt_asc_desc .)
    RPAREN          reduce using rule 18 (opt_orderby -> ORDER BY IDENTIFIER opt_asc_desc .)


state 185

    (20) opt_asc_desc -> ASC .

    LIMIT           reduce using rule 20 (opt_asc_desc -> ASC .)
    UNION           reduce using rule 20 (opt_asc_desc -> ASC .)
    INTERSECT       reduce using rule 20 (opt_asc_desc -> ASC .)
    EXCEPT          reduce using rule 20 (opt_asc_desc -> ASC .)
    SEMICOLON       reduce using rule 20 (opt_asc_desc -> ASC .)
    $end            reduce using rule 20 (opt_asc_desc -> ASC .)
    RPAREN          reduce using rule 20 (opt_asc_desc -> ASC .)


state 186

    (21) opt_asc_desc -> DESC .

    LIMIT           reduce using rule 21 (opt_asc_desc -> DESC .)
    UNION           reduce using rule 21 (opt_asc_desc -> DESC .)
    INTERSECT       reduce using rule 21 (opt_asc_desc -> DESC .)
    EXCEPT          reduce using rule 21 (opt_asc_desc -> DESC .)
    SEMICOLON       reduce using rule 21 (opt_asc_desc -> DESC .)
    $end            reduce using rule 21 (opt_asc_desc -> DESC .)
    RPAREN          reduce using rule 21 (opt_asc_desc -> DESC .)


state 187

    (22) opt_asc_desc -> empty .

    LIMIT           reduce using rule 22 (opt_asc_desc -> empty .)
    UNION           reduce using rule 22 (opt_asc_desc -> empty .)
    INTERSECT       reduce using rule 22 (opt_asc_desc -> empty .)
    EXCEPT          reduce using rule 22 (opt_asc_desc -> empty .)
    SEMICOLON       reduce using rule 22 (opt_asc_desc -> empty .)
    $end            reduce using rule 22 (opt_asc_desc -> empty .)
    RPAREN          reduce using rule 22 (opt_asc_desc -> empty .)


state 188

    (26) group_list -> group_list COMMA qualified_id .

    COMMA           reduce using rule 26 (group_list -> group_list COMMA qualified_id .)
    HAVING          reduce using rule 26 (group_list -> group_list COMMA qualified_id .)
    ORDER           reduce using rule 26 (group_list -> group_list COMMA qualified_id .)
    LIMIT           reduce using rule 26 (group_list -> group_list COMMA qualified_id .)
    UNION           reduce using rule 26 (group_list -> group_list COMMA qualified_id .)
    INTERSECT       reduce using rule 26 (group_list -> group_list COMMA qualified_id .)
    EXCEPT          reduce using rule 26 (group_list -> group_list COMMA qualified_id .)
    SEMICOLON       reduce using rule 26 (group_list -> group_list COMMA qualified_id .)
    $end            reduce using rule 26 (group_list -> group_list COMMA qualified_id .)
    RPAREN          reduce using rule 26 (group_list -> group_list COMMA qualified_id .)


state 189

    (27) opt_having -> HAVING expression .
    (54) expression -> expression . EQUALS expression
    (55) expression -> expression . NEQ expression
    (56) expression -> expression . GT expression
    (57) expression -> expression . LT expression
    (58) expression -> expression . GE expression
    (59) expression -> expression . LE expression
    (60) expression -> expression . AND expression
    (61) expression -> expression . OR expression
    (62) expression -> expression . PLUS expression
    (63) expression -> expression . MINUS expression
    (64) expression -> expression . STAR expression
    (65) expression -> expression . DIVIDE expression

    ORDER           reduce using rule 27 (opt_having -> HAVING expression .)
    LIMIT           reduce using rule 27 (opt_having -> HAVING expression .)
    UNION           reduce using rule 27 (opt_having -> HAVING expression .)
    INTERSECT       reduce using rule 27 (opt_having -> HAVING expression .)
    EXCEPT          reduce using rule 27 (opt_having -> HAVING expression .)
    SEMICOLON       reduce using rule 27 (opt_having -> HAVING expression .)
    $end            reduce using rule 27 (opt_having -> HAVING expression .)
    RPAREN          reduce using rule 27 (opt_having -> HAVING expression .)
    EQUALS          shift and go to state 54
    NEQ             shift and go to state 55
    GT              shift and go to state 56
    LT              shift and go to state 57
    GE              shift and go to state 58
    LE              shift and go to state 59
    AND             shift and go to state 60
    OR              shift and go to state 61
    PLUS            shift and go to state 62
    MINUS           shift and go to state 63
    STAR            shift and go to state 64
    DIVIDE          shift and go to state 65

